0,644,Garncarek,Jędrzej,93426067841,2877729829,+48 738 428 892,uziemak@example.com
1,153,Świerad,Leonard,23410777280,5730900367,+48 503 872 516,marcelina45@example.net
2,600,Kozica,Maciej,22282535548,2390496545,538 631 400,prorat@example.org
3,288,Szczypiór,Albert,63809601706,7810509469,+48 738 809 902,ryszardlabno@example.net
4,130,Wiencek,Robert,91458023296,4301458208,+48 660 815 711,ysporysz@example.org
5,802,Walocha,Nela,56817098828,7722246947,506 819 354,eryk61@example.net
6,641,Lukas,Kornelia,20208817592,7389898851,668 366 509,ewaguzniczak@example.com
7,534,Dynak,Olgierd,27757186279,2720012792,789 667 745,krzysztofparafiniuk@example.org
8,573,Janoszka,Gabriel,57783332232,6363362017,726 216 763,staporstanislaw@example.com
9,598,Gruchot,Wiktor,99967776020,8748165788,+48 537 615 190,maurycylobacz@example.org
10,871,Miętus,Ryszard,32995975288,5819309270,+48 577 709 014,konstanty63@example.net
11,101,Burkiewicz,Konrad,73052174912,6955084837,608 921 927,mszygula@example.org
12,383,Boduch,Jerzy,37355527370,9511006899,+48 573 465 439,sandra92@example.net
13,837,Cal,Tymoteusz,15100519158,2688555185,793 132 491,tymoteusz16@example.org
14,150,Kopyto,Artur,14913236184,3157584000,+48 788 373 165,blanka33@example.org
15,289,Oleksa,Adrian,88976827528,3114874539,+48 886 950 761,stanislaw05@example.org
16,110,Smal,Cezary,28463532018,2157072331,699 728 327,pocztakornel@example.org
17,750,Jeszka,Maks,38495593651,4265063064,+48 697 503 725,artur94@example.com
18,769,Chwalisz,Nikodem,16970426963,3392983913,+48 535 762 143,matenkotola@example.org
19,215,Chwalisz,Bianka,25030196755,4698656159,+48 668 231 354,filip62@example.com
20,306,Czerniakiewicz,Tadeusz,23909909735,6852956637,887 149 007,juliannazdziech@example.net
21,718,Józwik,Marianna,83291948464,5399074383,+48 573 390 774,emigon@example.net
22,142,Nałęcz,Justyna,96988925681,7833926294,+48 32 132 97 48,fkulon@example.com
23,291,Burkiewicz,Jacek,51416314870,6921978841,573 380 815,xgwara@example.net
24,278,Gumuła,Dominik,72203678121,6760050400,+48 519 783 570,alan55@example.com
25,699,Noras,Dominik,92139823799,8877632958,+48 666 953 667,lmironiuk@example.com
26,718,Wiercigroch,Klara,79006281574,3547582345,+48 782 558 433,wojtonrozalia@example.com
27,948,Bartoszak,Arkadiusz,26324400930,6001057915,+48 662 016 367,olgierdficon@example.org
28,387,Cukier,Tadeusz,66825596071,2749303885,798 392 733,ignacykunc@example.org
29,159,Świerad,Marcin,96829499127,7302121950,+48 509 830 746,piorekbruno@example.org
30,183,Wincenciak,Stanisław,86017928361,6929750007,+48 22 170 31 77,mirgasandra@example.com
31,873,Karsznia,Marek,44379246485,8195603015,22 959 09 89,jedrzej89@example.org
32,816,Maciejko,Sandra,46817372354,6332698459,+48 532 352 923,ojanke@example.org
33,861,Jaremek,Emil,95566534522,3770604080,784 705 389,krochmalwojciech@example.org
34,851,Szyndler,Kajetan,98598516857,3958477011,+48 785 661 826,tadeusz03@example.com
35,586,Posmyk,Dominik,42436584528,1429294472,797 154 920,emilgrygorcewicz@example.net
36,644,Tadeusiak,Lidia,43121227809,6294035763,+48 733 231 528,machowiczcyprian@example.org
37,394,Wojtera,Kaja,96440829607,4270735904,+48 784 201 703,biankapizon@example.org
38,790,Ciapa,Kamila,48559938987,2078631389,+48 22 711 69 62,zpianka@example.org
39,379,Getka,Dawid,41889670082,5896003469,+48 699 456 144,stefanlesko@example.com
40,895,Ogonek,Dariusz,81478576786,8712606487,32 039 61 48,rdzialo@example.com
41,447,Dreszer,Oliwier,63524135624,5045293414,511 464 945,cyrekjulian@example.org
42,925,Giel,Kalina,71822883914,3111145887,726 909 003,patolaprzemyslaw@example.net
43,231,Dunal,Alan,35876827912,8131372784,538 027 709,rejniakmarek@example.com
44,930,Figat,Łukasz,43663726422,5286162633,+48 501 259 196,emilmoron@example.com
45,411,Mulawa,Karina,29511782200,4459021705,735 506 581,mazepagaja@example.com
46,747,Lica,Stanisław,71659282172,2449777994,606 677 453,eryk45@example.org
47,603,Szałaj,Tomasz,98898634778,7325765279,791 262 327,hbulczak@example.com
48,497,Faruga,Oliwier,56629140551,7167909750,+48 792 905 156,wegrzyniakolgierd@example.org
49,599,Trzmiel,Fabian,36412968347,6460055499,+48 660 794 824,xploskonka@example.org
50,542,Szatanik,Olaf,40209581317,6444241744,889 320 297,julian91@example.org
51,750,Walusiak,Ksawery,87523347766,1305520577,32 908 12 48,kacper76@example.com
52,393,Dzwonnik,Sonia,17070748966,8582960400,+48 604 466 337,zugajelzbieta@example.org
53,618,Bodziony,Leon,72838962467,1296937279,22 080 92 77,nkostorz@example.net
54,661,Sykała,Borys,33734547822,3633794943,22 923 51 04,gbzdega@example.net
55,635,Dynak,Natan,13652199172,2680650386,537 821 340,fmatyka@example.org
56,927,Gryta,Eliza,34387710730,2503046878,+48 661 215 465,uoleszczak@example.net
57,982,Trepczyk,Ewelina,22378145358,5792247427,+48 795 012 532,iwidlak@example.com
58,110,Klejna,Nela,99125611060,5686640671,886 366 023,kornel72@example.net
59,110,Gamoń,Wiktor,69681751154,5221510526,+48 506 668 534,apoloniadaniec@example.org
60,884,Laszczyk,Ewa,42690555623,1679910834,+48 798 844 251,kajetan20@example.com
61,313,Królczyk,Arkadiusz,20865814120,3867159098,+48 794 004 240,alanmierzwiak@example.org
62,319,Ryndak,Leonard,56709615755,1970140889,+48 668 685 625,leonardsiembab@example.org
63,214,Kajdan,Jeremi,42229464570,6242795608,888 483 288,jfogt@example.org
64,762,Szalast,Adrian,79685308410,6475354838,726 086 675,saragolek@example.org
65,435,Durczok,Dawid,17012614125,2802975608,880 433 075,nageljacek@example.net
66,857,Minta,Aurelia,17776446885,3699880376,32 014 24 27,nicole37@example.net
67,200,Olbrych,Gaja,57380271229,5666173530,535 327 899,marcelinafierek@example.com
68,640,Nieścioruk,Malwina,88474610180,9241135195,+48 533 961 455,kbobrowicz@example.com
69,342,Jezior,Aurelia,90311079663,2294989835,737 682 789,natasza97@example.com
70,350,Irla,Ewa,27208699662,8077583310,+48 664 371 399,wkluczek@example.org
71,578,Lempart,Mariusz,41143178992,2874678100,32 514 35 19,natasza60@example.org
72,129,Pych,Wojciech,75258183658,5541079231,516 877 432,pabistomasz@example.com
73,502,Wrochna,Jeremi,89986895661,7203059783,732 071 968,ernest91@example.com
74,255,Związek,Marcin,72461582375,9894342901,+48 22 033 29 85,qpaliga@example.com
75,997,Łobacz,Gabriel,24543033439,2062074124,786 975 173,capigafryderyk@example.org
76,773,Oleszko,Cezary,26382602555,5814450560,+48 799 226 311,stawczykignacy@example.org
77,159,Schwarz,Ignacy,79550408916,2107078939,880 683 295,lkapciak@example.net
78,413,Kalarus,Fryderyk,96499346311,4176815798,+48 791 713 951,gossstefan@example.org
79,252,Kontny,Krzysztof,33401196762,3587002001,+48 692 306 100,jbas@example.com
80,736,Skutnik,Aurelia,66437652345,5241892650,507 714 966,tolabittner@example.net
81,395,Hamrol,Alan,92000285724,1922590424,+48 32 759 62 76,vdukat@example.org
82,292,Fiedoruk,Ewa,24015492124,2357221339,+48 32 028 16 93,lidiaradziewicz@example.net
83,709,Stefankiewicz,Albert,17720508004,3971746069,+48 22 605 63 98,danielbobel@example.com
84,985,Kolka,Anita,43446568049,1975225029,22 122 41 77,kubonbartek@example.com
85,144,Rajczyk,Lidia,78594403731,6614706981,+48 788 890 590,nsadlocha@example.com
86,488,Pastuszko,Janina,33496250255,6612996578,737 817 014,janiszekpatryk@example.com
87,779,Wojczuk,Ryszard,67998730903,9260219194,+48 691 732 638,zabierekfilip@example.net
88,326,Koczara,Natan,45764592038,3543132262,885 907 139,klosowiczfilip@example.com
89,317,Musiolik,Tadeusz,98630968427,1983532790,516 176 927,gajahanzel@example.com
90,462,Tadeusiak,Ryszard,81000543150,4368168635,+48 880 815 170,tylkabianka@example.net
91,328,Cieloch,Nicole,95557183476,6450858958,502 215 042,roza11@example.net
92,315,Bacia,Nikodem,13426993546,7541102356,+48 32 240 34 02,damiangiers@example.org
93,570,Dębniak,Elżbieta,85048585616,3123130506,+48 513 351 485,emil57@example.org
94,580,Tryka,Inga,63634438109,4812669408,665 825 849,wbialk@example.com
95,379,Sapała,Angelika,28576978736,9137123137,+48 736 007 540,danielpodgorny@example.org
96,428,Trepka,Cezary,93732900151,2906669092,22 074 59 15,anna-marialitwa@example.org
97,495,Hulbój,Gabriel,68383059940,7851737820,+48 512 229 538,stempniakolga@example.com
98,258,Dziopa,Anna Maria,48683215350,8209957340,692 927 501,kukawkapiotr@example.net
99,855,Oleszko,Elżbieta,49710460814,4854418372,608 688 472,eliza73@example.com
100,198,Myrcha,Fabian,15011798686,8484809383,609 764 619,gszalaj@example.com
101,901,Kowala,Fabian,28789096718,9049402070,739 637 230,stefanwidlak@example.net
102,787,Magier,Kornelia,87437698692,8733684539,+48 578 271 975,adriannajany@example.net
103,817,Skałka,Ignacy,13658876488,9391131108,511 632 226,njanuszko@example.com
104,618,Kondej,Julian,89803399507,4265199424,506 277 228,cezarylatko@example.org
105,900,Tekiela,Rozalia,70536003243,7690757895,+48 606 173 261,groszko@example.com
106,131,Sass,Alan,19676425663,7354061204,+48 799 721 578,anna-mariakomperda@example.com
107,167,Szarzec,Aniela,30862384941,9156474977,+48 793 164 274,wyskielnorbert@example.com
108,440,Jarka,Igor,22322349991,5071051914,+48 607 067 724,brunodycha@example.net
109,463,Leśko,Jerzy,84787682735,7841189034,887 783 481,oskar58@example.net
110,639,Gęgotek,Julita,65167249663,9159729767,+48 608 069 221,urszula75@example.net
111,877,Lejk,Sylwia,76128940949,5004718982,+48 510 937 183,nazarrozalia@example.net
112,233,Półchłopek,Igor,93608303233,4939670119,780 243 680,maksgrzeszkowiak@example.org
113,362,Brzęk,Antoni,63317934574,2566707884,794 845 323,agnieszka74@example.net
114,421,Dmoch,Konstanty,84690947367,2168711319,664 493 294,zachklara@example.org
115,142,Szelest,Miłosz,96416664402,5881550543,576 159 189,ngrubba@example.com
116,891,Kalista,Maks,40000100604,9942708796,690 549 173,mfranc@example.net
117,574,Macias,Sebastian,99087594115,7408531663,731 836 979,aurelia19@example.org
118,159,Kloch,Nikodem,96434653697,4980540426,+48 787 328 035,hubert53@example.net
119,982,Godzik,Konstanty,26851735673,4941191207,+48 576 084 492,osipowiczborys@example.org
120,565,Pazoła,Tymoteusz,79626609216,7243188948,785 507 886,galeksylwia@example.org
121,946,Pronobis,Sandra,72678114467,3775498983,32 998 98 80,klausbruno@example.net
122,355,Browarczyk,Albert,44308326723,2810119247,724 274 592,wojciech35@example.net
123,460,Kiełek,Jędrzej,71045786707,7969051643,+48 601 868 849,mateuszlabudda@example.net
124,987,Drobny,Janina,47889977260,3579785859,+48 724 557 930,doktoreliza@example.org
125,800,Ziarek,Anastazja,55117617709,6460415496,+48 519 331 386,patryk67@example.com
126,539,Wiciak,Klara,62998791764,8695068252,576 490 832,mkudra@example.org
127,966,Hirsch,Dagmara,44204564475,6452717904,+48 22 047 11 61,bianka78@example.net
128,608,Materek,Marcel,56728516878,8715643092,+48 32 292 60 74,pawelgalik@example.net
129,961,Makles,Kalina,68113618541,4279719378,+48 32 929 40 07,nikodemburkiewicz@example.com
130,129,Dylak,Mateusz,52957577720,1891330288,739 985 578,babiuchwojciech@example.net
131,950,Rosada,Kaja,37755864515,3833035121,+48 724 916 775,xduzy@example.net
132,562,Przewłoka,Grzegorz,58570385619,8663814171,884 624 438,julitaswic@example.com
133,773,Jarosik,Sylwia,51498046496,7220251852,536 321 913,ksaweryswierkosz@example.com
134,830,Czerepak,Monika,87913504404,4670812489,739 862 186,anastazja22@example.com
135,989,Chochół,Albert,32074429305,3453663178,723 768 174,jozef57@example.org
136,128,Stempel,Kajetan,18974018172,8479660794,22 151 39 62,rlukowiak@example.org
137,512,Kroll,Paweł,79250824434,3663502413,+48 602 108 484,marianna07@example.org
138,252,Ośka,Emil,94769773515,5885437842,+48 790 594 312,krystian04@example.net
139,202,Rembisz,Konrad,77113063334,3612426973,666 668 553,kornel44@example.org
140,743,Cofała,Karol,51978833006,9376943033,797 498 438,matenkoroksana@example.org
141,404,Kłosowicz,Alan,78847965632,7273949006,609 185 907,ewelinaspychaj@example.net
142,702,Gronkiewicz,Malwina,96503565961,7165536375,+48 888 805 887,kajakorzekwa@example.net
143,833,Burczak,Klara,10072807051,1989888593,+48 664 147 959,kosnikwojciech@example.net
144,427,Rozumek,Blanka,84333967588,6939468813,533 117 647,xpakos@example.org
145,801,Knapek,Maksymilian,40262684765,6670688504,697 408 698,julita40@example.com
146,630,Dela,Mieszko,90843664282,4223393534,+48 738 124 253,karina32@example.com
147,332,Chwała,Olaf,85810217887,2124216491,+48 692 669 139,melaniawochnik@example.net
148,662,Grzenia,Ignacy,93173261555,6920679783,661 057 938,uchaber@example.net
149,543,Początek,Dariusz,78286929180,7076308046,+48 669 396 651,oswieton@example.net
150,636,Och,Malwina,34359797382,8733254684,+48 22 616 24 79,kosakkamila@example.com
151,588,Huczek,Oskar,78484038107,1056258101,+48 732 485 112,emilplodzien@example.org
152,515,Koloch,Jeremi,25324096299,4800867759,+48 22 626 22 05,aleksandergrymuza@example.com
153,831,Wolan,Michał,85243608137,8345748588,886 128 275,elzbieta23@example.com
154,881,Jakiel,Bartek,15539285390,2538350502,+48 887 097 084,mbialk@example.com
155,377,Wawrzeńczyk,Justyna,54826460889,6802718883,+48 722 653 608,qkawiak@example.com
156,321,Posłuszny,Alan,27863945812,3895387288,+48 781 765 466,kmyrcik@example.net
157,953,Kasak,Damian,25637070354,1050631813,+48 724 287 260,sambrozik@example.com
158,992,Krzyk,Antoni,78697467802,4636268429,608 484 853,boryspernak@example.com
159,389,Żbik,Witold,52488530270,1950131509,+48 32 111 70 56,bkiedrowicz@example.com
160,927,Pabisiak,Tola,96044353785,4255108590,+48 500 092 978,pkurpanik@example.net
161,765,Mejer,Jan,28911459220,4441699537,+48 721 046 098,witasborys@example.com
162,494,Ostapiuk,Janina,30373739073,6482853790,882 003 461,alan14@example.com
163,642,Sładek,Nicole,86192668040,6302138319,503 726 504,eczapiga@example.org
164,567,Fyda,Róża,29251594984,1758478028,+48 500 634 639,ryszard78@example.com
165,769,Kajdan,Jeremi,27759163501,3137871272,+48 508 512 774,maciej15@example.net
166,644,Kaluga,Adrianna,61686184699,3452987042,+48 739 030 793,krolczyktobiasz@example.org
167,843,Lulek,Leon,66446699257,5278265332,+48 32 668 56 32,andrzejpotyrala@example.com
168,730,Hus,Ignacy,45252805644,1494411365,32 724 82 71,inga54@example.com
169,425,Linkiewicz,Julita,36495164185,6617321616,+48 781 310 588,gustaw90@example.net
170,771,Seweryniak,Robert,18399020293,5822458515,696 978 182,kamila34@example.net
171,366,Matusewicz,Aniela,67702447585,8692467197,728 032 864,jedrzejgalon@example.org
172,311,Jasnoch,Liwia,27951526811,5254257659,+48 22 799 41 51,jedrzejswiech@example.net
173,881,Pastuszko,Kajetan,26273372768,8536697764,532 125 052,adazybura@example.com
174,515,Kolanek,Mikołaj,62503061772,1488394307,695 470 585,roksana87@example.org
175,653,Roda,Maciej,41717494946,8103567103,721 717 331,kurzacandrzej@example.net
176,953,Kinder,Marika,60047889336,5064859957,881 425 644,borczykmikolaj@example.net
177,939,Cieplucha,Patryk,23702384877,3561906892,577 958 425,kornel66@example.org
178,898,Łepek,Ryszard,43349718943,9966311648,+48 605 185 424,tymoteuszcwierz@example.org
179,761,Roczniak,Janina,30815414540,5635566276,+48 735 851 618,laszukkrystyna@example.net
180,553,Plak,Bruno,41254994634,8492195403,886 457 592,nela78@example.net
181,367,Bik,Michał,75146748657,9754913941,+48 690 196 717,blanka71@example.org
182,328,Brodowicz,Tadeusz,68466605024,5385176296,697 182 444,jedrzej53@example.org
183,644,Byzdra,Marcin,16432736673,3486496068,22 104 93 13,lborysewicz@example.org
184,926,Nazarko,Tobiasz,75324816544,8229026502,539 314 694,kojderjacek@example.com
185,440,Zdonek,Wojciech,48544613977,5430541185,883 303 156,jankakrystyna@example.net
186,643,Świadek,Tymoteusz,45223386765,3588067240,+48 797 186 701,dejkornelia@example.com
187,997,Strojna,Dorota,41650533261,1985923884,+48 697 368 780,dlugozimaapolonia@example.org
188,223,Smektała,Franciszek,88791403984,4411838794,605 396 351,emilkacperek@example.com
189,233,John,Kazimierz,12132799297,6555724176,881 487 976,norbert34@example.com
190,992,Pacewicz,Fabian,41937208099,6849202744,668 470 622,wonstadeusz@example.com
191,329,Boguta,Angelika,74139461492,9618043615,+48 22 492 84 43,jakub00@example.com
192,259,Serzysko,Wojciech,96818102036,1148353323,+48 736 455 356,obrygola@example.com
193,783,Uroda,Aleks,25939156114,8937132750,695 113 871,bianka63@example.net
194,574,Boba,Karina,14678882414,9449159678,792 379 896,imoron@example.org
195,488,Gorgol,Norbert,68773965627,3988988016,+48 781 754 396,jacek40@example.net
196,589,Rudolf,Jakub,56379719246,9691283290,+48 574 303 342,agnieszkawota@example.org
197,697,Burnat,Albert,33597345455,7453775954,22 628 42 99,karolkruszka@example.com
198,423,Jessa,Alex,62612151449,9338321236,+48 506 153 437,korneliagrabon@example.com
199,670,Pusz,Klara,21731761836,7537814501,+48 792 832 142,aniela25@example.net
200,189,Świtaj,Justyna,26784812141,7336576070,600 222 593,aleksander51@example.com
201,886,Dąbrówka,Ernest,47659938858,5287944485,886 911 719,juliuszluczkiewicz@example.net
202,784,Kempny,Elżbieta,12612662595,3915859595,+48 503 014 189,michalczakaniela@example.net
203,340,Wojewódka,Klara,14236687793,6482587878,660 026 142,ksawery81@example.net
204,220,Faltyn,Mateusz,75678849066,3292003262,+48 509 602 104,tkieloch@example.net
205,775,Machul,Aniela,47007117271,3663458866,+48 880 004 261,ksawery80@example.org
206,670,Rut,Stanisław,71509968467,3256214954,+48 22 569 75 35,zebikantoni@example.org
207,791,Buczko,Tadeusz,37901670466,5978799120,22 549 55 28,mzbylut@example.org
208,658,Wlizło,Sara,32235394650,3620979831,+48 789 096 288,vciepluch@example.com
209,677,Pawełkiewicz,Bartek,18001549613,9294576787,+48 720 098 954,gusciorasara@example.org
210,841,Sularz,Dominik,15844223667,6189312546,+48 721 221 013,qcyrek@example.org
211,397,Janczarek,Michał,35801998115,8754792025,+48 723 309 836,lidia28@example.net
212,620,Gospodarek,Borys,19321653245,9580525068,22 910 22 83,gaja13@example.com
213,315,Krzyżostaniak,Rozalia,64032343418,9306675314,505 145 210,maciejchlad@example.org
214,200,Worach,Maksymilian,41862648229,1321362656,22 884 20 16,gustaw32@example.net
215,366,Spadło,Anna Maria,59523119188,9206782525,+48 795 500 769,daniel50@example.com
216,115,Oleksik,Ryszard,60243923093,6031034661,22 172 26 00,ewamesjasz@example.org
217,554,Smagacz,Bartek,72682899006,3636733925,+48 666 491 046,nela76@example.com
218,774,Hnat,Fabian,96501651125,8554571189,794 311 920,olgierdpietrewicz@example.org
219,744,Wosiek,Kalina,87456185823,3748697107,601 603 455,ilampart@example.net
220,905,Klejna,Leonard,31283710716,5951668594,723 293 005,brunolelonek@example.com
221,345,Sklorz,Angelika,47668380274,8740360937,+48 736 110 200,dorotacierpka@example.net
222,904,Cieplucha,Dariusz,55693315402,8469117682,886 395 258,taciakksawery@example.org
223,470,Broszkiewicz,Maciej,26722537207,2152983549,602 916 460,kanikjacek@example.org
224,873,Bałdys,Dawid,31083278609,9116362386,+48 889 102 817,rfura@example.net
225,296,Szajner,Marcelina,96404478649,4217538543,+48 738 815 446,dkultys@example.net
226,692,Rajman,Bartek,34595796313,1471824631,600 538 961,handzelkajetan@example.org
227,532,Zwara,Marcel,75378097402,8268127161,32 277 56 10,juliuszkoterba@example.org
228,141,Dębosz,Marcelina,80944473151,6089624041,+48 570 040 984,aleksanderceran@example.org
229,884,Mieloch,Albert,11058596850,6783743218,+48 780 021 847,starzakkrzysztof@example.org
230,275,Blank,Natan,48243666890,9668194989,662 674 973,malwina80@example.org
231,860,Rząd,Rozalia,94755829323,4266814132,+48 32 811 51 20,fabianmostek@example.net
232,429,Szkaradek,Tobiasz,13100624864,4858008727,+48 22 970 95 29,ewalyskawa@example.com
233,316,Osipowicz,Alex,54974600400,6657948258,+48 661 346 973,aleksanderszelest@example.net
234,299,Maciejczuk,Paweł,36986761229,6468452815,+48 533 310 770,jedrzejdybka@example.org
235,491,Drewa,Ewelina,67297990391,2297139016,728 943 803,oskar94@example.com
236,813,Wojewodzic,Filip,29745509101,8747997551,+48 793 209 998,groteknorbert@example.net
237,550,Słabosz,Marcelina,63650709869,7256348488,+48 662 958 402,iwomysiak@example.org
238,761,Szalast,Szymon,95280981157,2969538843,22 783 50 19,pleskotangelika@example.net
239,473,Madejczyk,Nikodem,39487978729,2513196645,+48 660 141 470,tklepka@example.org
240,136,Rozynek,Albert,33616786053,1730022983,601 158 319,oskarprzerwa@example.org
241,430,Spychaj,Ewa,11222491293,3293815696,32 486 51 09,xstupak@example.net
242,334,Buk,Jerzy,77721779407,7706203061,+48 22 741 35 91,fstyn@example.net
243,528,Tylka,Dawid,20315116386,8422214392,+48 537 803 238,tomasz31@example.org
244,877,Gortat,Natasza,34475003198,6519106173,+48 662 970 603,bmietka@example.net
245,745,Ułanowicz,Liwia,82525337275,6788311912,+48 780 978 041,wiktor08@example.org
246,886,Radzewicz,Alan,78507607084,5084844121,733 003 722,bmak@example.org
247,547,Kurtyka,Robert,63275634032,6522996376,22 100 20 56,wesolagabriel@example.net
248,811,Olko,Aleksander,69879875987,6437816559,22 956 56 31,natan09@example.net
249,434,Stochmal,Mikołaj,27042226757,3451385982,732 568 847,krzysztofmargas@example.org
250,279,Gajcy,Tomasz,94962306992,5457867620,+48 731 001 372,lakotaeliza@example.org
251,117,Hałat,Olgierd,48196776044,4683873252,+48 699 958 190,humeniukjanina@example.org
252,869,Miszkurka,Hubert,98660152949,7064391307,+48 509 663 386,ida26@example.com
253,461,Matejuk,Tola,48344254019,9351764777,669 121 776,jakimiakksawery@example.com
254,786,Kurcz,Albert,56033703350,2652298143,+48 578 163 821,zolkiewiczgustaw@example.org
255,298,Stasica,Olgierd,65983209239,9702974393,+48 32 763 11 70,hlenda@example.com
256,791,Mol,Kamil,99315755286,6623192300,514 127 440,tlawniczek@example.com
257,504,Opas,Konstanty,42083872093,6617461258,+48 738 725 279,rowczarczak@example.org
258,504,Piotrkowicz,Apolonia,72899762494,7803217506,532 408 383,maciej98@example.net
259,387,Meissner,Oskar,12346024371,5786777007,+48 667 543 267,poletekaniela@example.org
260,644,Garbacik,Sara,55311782362,9830065961,881 734 163,krzysztof81@example.net
261,964,Siemieńczuk,Borys,87344515100,5360602067,32 904 21 58,emilgal@example.org
262,567,Łacina,Gabriel,38402638185,4371414712,537 519 909,adriangolas@example.net
263,342,Banachowicz,Klara,29916255591,5639536687,+48 726 077 000,oosko@example.com
264,963,Jantos,Olga,24017488740,7586358523,+48 667 512 193,brozdakarina@example.org
265,994,Rogal,Maks,53423601422,4580839291,32 079 82 65,iwo18@example.com
266,310,Froń,Patryk,20105305836,9602083308,500 832 594,fydajozef@example.org
267,850,Olko,Tomasz,34776463017,8405116131,664 979 291,pastorkamil@example.net
268,823,Chwalisz,Sara,48105583336,2491369243,882 419 084,hglapiak@example.com
269,441,Bachanek,Natasza,54684674386,5329628438,692 531 749,nikodemjanoszka@example.com
270,939,Jaremko,Jacek,25226558922,5318009851,721 335 798,banachowiczemil@example.net
271,454,Piechura,Ryszard,64433198313,6744322456,784 663 059,rbrzek@example.org
272,117,Krenc,Nela,37533719938,8315939130,698 853 918,janinamajzner@example.org
273,476,Rycerz,Anastazja,71756617574,8728755047,+48 733 290 661,rozalia38@example.org
274,974,Pyc,Alan,64873365970,8090736859,+48 798 144 244,jpalej@example.org
275,899,Galuba,Karol,53167549333,9272273764,516 145 645,gabrielbartlomiejczyk@example.org
276,152,Pietrasiak,Urszula,64221242589,8834908538,+48 726 761 187,ndomurad@example.com
277,428,Piegza,Emil,49444182757,8590436807,22 347 47 33,sandrawnuczek@example.net
278,702,Czenczek,Olaf,35739610484,4289582069,+48 537 681 878,przerwajuliusz@example.org
279,702,Bobryk,Radosław,64140757501,7214317273,+48 502 833 652,gustaw05@example.net
280,563,Bakun,Kornel,42882350620,4811922737,574 824 248,antonisobisz@example.net
281,501,Pachołek,Gaja,17930811186,6907179401,606 525 365,agnieszka76@example.com
282,483,Szmurło,Natasza,51543966037,8095087435,506 306 431,malcharekjozef@example.net
283,129,Pastor,Szymon,58732910767,3008953643,579 113 591,kkierepka@example.org
284,277,Kłósek,Maurycy,46630862360,7975418161,694 508 290,chorazewiczarkadiusz@example.net
285,142,Nawój,Maurycy,12485462313,4160260806,+48 513 566 417,irlanorbert@example.net
286,889,Sterna,Witold,70476569431,1601299135,32 047 57 44,tbrodawka@example.org
287,603,Zajko,Agnieszka,33397848789,5907913323,665 038 139,dominikdzielak@example.net
288,806,Wojtach,Alan,98384922427,5673592804,662 347 736,marikawieja@example.org
289,125,Leśny,Krystyna,60110325967,6499404126,+48 539 733 708,gustawslon@example.net
290,183,Milcarz,Bartek,12334129329,9669225660,+48 786 400 658,blalak@example.net
291,966,Jachimczyk,Marcel,32038490940,5160552464,501 341 077,ogabrych@example.net
292,985,Litwiniuk,Cyprian,16323163421,9638492399,666 928 592,agnieszka82@example.com
293,386,Przeklasa,Anita,58967276826,7970418003,+48 572 400 511,sajdominik@example.org
294,794,Gramza,Oskar,41839374209,9042872916,+48 22 668 33 06,lesnerklara@example.org
295,809,Fiedoruk,Kornel,75136568765,4955235678,503 485 673,turonpatryk@example.org
296,743,Karalus,Tymon,18483967743,8835782214,+48 788 745 087,szyndlertymon@example.org
297,372,Kurz,Jerzy,48602373367,1034964185,509 776 107,bochnakandrzej@example.org
298,915,Leszcz,Liwia,21374000117,3850005026,666 831 895,wojniczjacek@example.com
299,371,Gładka,Stanisław,20228366537,4636655058,884 050 889,msojda@example.org
300,270,Sieg,Józef,67568398740,9682304777,+48 728 912 095,bfornalik@example.com
301,351,Bakiera,Kamil,66862446500,5554382150,669 921 244,apierzak@example.net
302,380,Sobuś,Borys,21183847198,1795166386,737 043 783,julian69@example.net
303,645,Pilipczuk,Stanisław,43265330708,2325331155,732 566 278,sapabianka@example.org
304,507,Milcarz,Janina,44530292214,3350613301,+48 729 304 969,malyszekaleksander@example.net
305,344,Romaniak,Róża,56694754615,1810288400,+48 32 211 69 63,zlinek@example.com
306,451,Kreczmer,Malwina,48218647677,3648127463,512 015 460,julianmalesza@example.org
307,195,Tomal,Janina,11533603586,7246940539,579 668 086,uromejko@example.net
308,677,Tryc,Grzegorz,59077024422,7688232413,+48 720 083 702,adrwiega@example.org
309,739,Sularz,Witold,34795865997,9651382713,510 874 120,sebastianulrych@example.com
310,285,Irla,Agnieszka,79998784052,9527194998,+48 570 225 272,mzegar@example.net
311,168,Szybiak,Olaf,40075497682,9220195381,+48 532 663 250,jkolarz@example.org
312,293,Gamoń,Maks,49474915018,6371064624,+48 782 359 510,urszula91@example.net
313,535,Grotek,Fabian,61509337216,3805894354,+48 575 379 419,rzeszutdamian@example.net
314,565,Wandzel,Iwo,79359372096,3260846434,785 603 587,kazimierz82@example.com
315,661,Chomik,Ewa,69333935256,5677548261,22 618 39 48,olga10@example.org
316,355,Kawulok,Nicole,17087325800,5077401366,+48 889 435 708,epeciak@example.org
317,721,Senator,Tomasz,77178677431,6499211416,+48 22 733 02 28,kajetanhajdas@example.org
318,743,Szałkiewicz,Aniela,36469962547,5544276128,32 077 84 51,milosz00@example.org
319,800,Kosno,Maks,27171891592,8770340631,517 421 928,arkadiuszpodlesna@example.com
320,701,Mikołajewicz,Stefan,25053179080,2650531716,32 944 34 82,zzera@example.net
321,849,Semenowicz,Konstanty,45751939603,4667843647,+48 503 540 890,palejewa@example.com
322,450,Gregorczuk,Julita,67133483894,1492788436,32 436 20 05,kolesnikkonstanty@example.org
323,767,Kastelik,Ryszard,17054512627,4572625238,+48 720 239 067,zgoladorota@example.net
324,977,Staniaszek,Mateusz,33648875079,3953076143,513 961 987,rdrozdzal@example.net
325,609,Pałac,Adrianna,92807490494,4760870503,534 288 161,marek35@example.net
326,165,Jurczuk,Roksana,76318661885,6586255811,+48 608 685 960,oskarbialous@example.net
327,829,Kruzel,Mariusz,81239006220,8870291222,22 620 38 28,zmudaagnieszka@example.net
328,547,Heller,Hubert,34768941521,6990473682,+48 694 531 505,czerepakaleksander@example.org
329,720,Cierpisz,Anita,44629963024,9800448216,501 557 978,kamilagas@example.org
330,987,Matura,Dawid,59961516908,3110651061,579 984 095,xcydzik@example.org
331,605,Białczyk,Tymon,30884362797,4953609570,+48 733 301 103,inga05@example.net
332,586,Kozdra,Anna Maria,67771335058,2471814208,+48 881 524 814,skrobekklara@example.org
333,823,Saran,Artur,58559189084,7978606874,+48 32 506 45 64,szejadorota@example.com
334,675,Kosz,Witold,85623454485,4328145520,+48 570 505 748,antonihornik@example.net
335,865,Franków,Elżbieta,74396458477,9374124281,+48 537 108 219,zgasik@example.com
336,206,Chłąd,Andrzej,83754728744,6407603300,667 666 199,drostaurelia@example.net
337,333,Krzosek,Elżbieta,16979840012,5696246360,+48 884 751 169,anastazjagomola@example.com
338,134,Karpik,Rozalia,44070437829,9315476332,+48 693 594 177,nciuba@example.org
339,179,Kurc,Artur,68313975572,8831977250,883 400 227,paszkowiakjan@example.org
340,615,Mendak,Anastazja,69982079525,9216006463,790 494 854,tolakaczmar@example.com
341,871,Pęciak,Ignacy,56591709644,7577351892,+48 22 700 75 38,damian81@example.org
342,781,Latoszek,Ignacy,92856463459,7715248736,517 444 711,hcis@example.net
343,357,Kwarciak,Anna Maria,49077510304,9578384388,694 986 723,jtokaj@example.com
344,821,Pituła,Karol,39878564303,5888867818,+48 22 589 94 57,marekkocol@example.com
345,602,Szpyra,Monika,20009645201,8709103042,791 189 519,juliusz89@example.com
346,226,Bacia,Krzysztof,95409198016,7080278607,+48 32 341 02 00,miloszbuszko@example.org
347,665,Dworczak,Kamila,75320167208,1532266562,+48 699 838 298,kalugaadam@example.com
348,639,Kliber,Maks,57671101952,9761865439,570 952 294,qlindner@example.net
349,249,Glanc,Michał,61769491258,1563333335,+48 886 163 074,gustawsromek@example.net
350,420,Poleszak,Kazimierz,79508505714,9583125324,782 650 164,chwedczukalan@example.org
351,851,Zinkiewicz,Michał,38964776301,9919889644,784 277 154,vbek@example.com
352,989,Siara,Jerzy,73066804860,9144851270,882 362 879,monika18@example.net
353,307,Sporek,Angelika,60812243789,9807516472,+48 607 060 859,kawiakkarol@example.net
354,692,Filiks,Ewelina,58581191357,3540866734,+48 602 496 115,hbulczak@example.com
355,529,Drost,Maciej,53812863754,2202201606,+48 22 693 80 41,fryderykurynowicz@example.net
356,813,Madura,Julianna,29388448478,7075245171,+48 780 591 125,agnieszkastepka@example.org
357,783,Lica,Jędrzej,43118669115,1294805525,697 885 166,ggarncarz@example.com
358,441,Ragus,Ksawery,71330466768,9917374567,+48 504 508 574,nswiatek@example.net
359,323,Szott,Grzegorz,78578520927,4339205909,699 138 573,kacperprzybys@example.org
360,588,Pindor,Igor,73623556499,1406857759,576 236 597,fabianpedrycz@example.org
361,425,Fitrzyk,Jerzy,46401764328,7360119620,+48 609 489 403,cjarmuzek@example.org
362,961,Gramza,Natasza,59196256416,6580155976,+48 668 643 246,liwia55@example.org
363,106,Kinder,Rozalia,73049066214,5588085265,+48 736 300 863,sdargacz@example.org
364,730,Kiełbowicz,Nela,36856508932,9296421026,+48 506 843 383,kolankolidia@example.org
365,249,Dyka,Fryderyk,85346290086,8391370807,+48 884 536 447,aleksanderbiesek@example.com
366,284,Jaśkowiec,Olga,19806331439,2198658600,601 269 434,swlizlo@example.org
367,160,Koman,Dominik,97554333373,1974999566,+48 505 449 162,akosela@example.net
368,887,Zadka,Mikołaj,14592988120,9707478102,+48 22 104 74 36,sara01@example.com
369,963,Lang,Rozalia,72973427745,6373759611,733 311 451,apolonia41@example.org
370,467,Cich,Filip,70685241139,2284773157,+48 573 681 250,wojciech35@example.com
371,436,Tekieli,Sylwia,46652381923,2124352164,+48 881 025 885,vherbut@example.net
372,761,Płócienniczak,Eliza,31992514547,3006795564,+48 784 924 807,wojciech20@example.net
373,288,Wożniak,Grzegorz,33580533886,2768796399,733 057 651,bystrondamian@example.com
374,168,Judek,Przemysław,28288104166,9796190602,+48 579 346 429,qchmara@example.org
375,969,Matwiejczyk,Nikodem,26682679461,4542917007,695 984 480,kalina87@example.org
376,612,Witan,Jan,40237775528,2770393031,799 864 193,iambrozik@example.org
377,915,Wołos,Konstanty,57290024391,2245171998,+48 508 844 427,buchholzaleksander@example.org
378,819,Kozica,Anastazja,59432288351,8417499415,+48 735 993 994,borys86@example.com
379,458,Chmara,Sonia,10331061509,5516748435,506 037 008,khennig@example.com
380,332,Mysiak,Franciszek,74718856146,2850001309,+48 504 404 353,alan77@example.net
381,379,Szymała,Oliwier,61542146237,1342669874,+48 573 037 900,dbulanda@example.com
382,747,Balik,Dagmara,35089639094,7256246721,737 267 076,wodaigor@example.org
383,939,Kandora,Adam,36618308768,4219444218,573 160 021,juliuszhonkisz@example.com
384,138,Lada,Stanisław,24643398728,9969252826,+48 662 136 257,gaja28@example.com
385,717,Filus,Liwia,70560456013,4728088325,+48 22 356 86 54,rptok@example.net
386,397,Tatarczyk,Angelika,22160850055,8654394820,+48 791 094 804,marikakohut@example.com
387,443,Grzywnowicz,Kamila,56173412758,1084706386,696 247 789,pacuraanastazja@example.org
388,260,Drewnik,Marianna,65322455084,6824457845,739 272 151,osialartur@example.org
389,859,Sypień,Jeremi,49870181823,9806063154,+48 509 463 983,nojmanmaciej@example.com
390,796,Pieczarka,Gustaw,31113186909,4244991044,+48 531 547 313,ewagrzesiek@example.com
391,750,Machul,Maksymilian,34023417705,6727576779,+48 506 002 441,klekotwitold@example.org
392,869,Frelek,Jacek,19635567830,5672143577,697 598 490,lukaszklaus@example.org
393,102,Bodziony,Maksymilian,38542467296,1353857397,+48 503 943 780,blaszykadrianna@example.org
394,961,Nikołajuk,Mikołaj,23744849235,5563169109,32 775 90 82,golanjacek@example.net
395,575,Gołofit,Blanka,25601379047,8679555545,+48 726 837 979,janina39@example.org
396,525,Wiatrak,Jeremi,13150528078,5384602325,882 673 347,anna-mariaczescik@example.org
397,307,Dąbal,Róża,29871334756,8262385071,887 164 695,monika85@example.com
398,143,Pietrek,Cezary,23717241729,5063295781,+48 605 038 183,gnypfranciszek@example.org
399,444,Wacławiak,Cyprian,66624058865,2474784651,735 656 749,mortkaanita@example.com
400,838,Dworczak,Tymoteusz,62350273715,1296365789,722 874 929,lkopysc@example.net
401,287,Mirocha,Adam,34573187003,4610262934,+48 736 326 870,zanderfabian@example.org
402,131,Sady,Malwina,68134679703,2524159607,500 434 524,dpostawa@example.net
403,180,Tonder,Maksymilian,95151832926,9111332819,780 801 249,vholysz@example.com
404,734,Godyń,Tomasz,81901515852,2101837225,+48 22 867 92 43,stanislaw45@example.org
405,113,Glenc,Ksawery,26922969874,7971228560,577 323 828,gbrzykcy@example.org
406,583,Pacholczak,Rozalia,75628099194,4881934110,+48 663 263 497,wojciechbakalarczyk@example.com
407,871,Cis,Melania,91388320894,8041351604,+48 729 077 911,jbaszak@example.com
408,712,Pawliszyn,Alex,97977675496,2258372681,783 641 483,xluczyk@example.com
409,944,Siudek,Ida,58175682940,6863290965,+48 32 381 16 68,drewniokmaurycy@example.org
410,957,Januszewicz,Konstanty,73138652809,9179591797,+48 532 380 915,ignacy01@example.com
411,837,Heinrich,Mieszko,83550716579,4889623137,+48 797 535 844,lasicaalex@example.net
412,630,Wysota,Bruno,34141294670,1627571098,+48 508 321 898,pmatulka@example.com
413,127,Kowalówka,Ada,50588120634,1655846240,+48 539 456 386,dychanicole@example.net
414,346,Forma,Igor,21540659518,2006157950,22 950 55 35,sojdabianka@example.net
415,463,Dankiewicz,Julita,49259000666,8544292400,+48 607 258 300,nmalesza@example.com
416,746,Karalus,Leon,80791283114,2969683138,+48 506 618 177,dagmara82@example.com
417,598,Piotrak,Marianna,38498687612,7549971055,32 589 26 31,ewelina39@example.org
418,199,Gumieniak,Damian,86362829677,8821730321,883 408 170,markieljakub@example.net
419,524,Maszkiewicz,Sara,75310501157,2174327784,797 373 119,adam59@example.net
420,845,Szmurło,Sonia,14042935150,5267293366,+48 694 381 021,olgajarmuz@example.com
421,473,Bryja,Eryk,82939371019,1134772259,533 720 582,bianka47@example.org
422,849,Kiciak,Olaf,76825833106,4325371179,511 288 385,michalkups@example.com
423,768,Kutera,Julian,82342983804,3953802670,+48 534 925 931,tymonsiemienczuk@example.org
424,339,Ciołczyk,Krystian,20183028200,1280689202,693 452 109,adam78@example.com
425,526,Maksym,Natasza,70808136811,7449349645,+48 660 278 329,jjacak@example.net
426,833,Manista,Nikodem,57055952075,9384857340,664 786 429,pielkakamil@example.org
427,855,Błażejak,Krystian,34200012803,6489602482,691 629 771,dominik05@example.org
428,949,Cąkała,Adam,95590881336,5892922773,+48 726 117 962,emil39@example.org
429,124,Łyczek,Damian,43683189887,9731469074,791 220 242,ckudlak@example.org
430,930,Grzech,Antoni,91100251432,7217798038,692 077 256,adamstiller@example.com
431,584,Szulczyk,Hubert,47435666312,8673392361,+48 600 062 887,konstantybajak@example.com
432,475,Ogłaza,Kamil,71068376233,1231193084,+48 22 169 73 67,pawel88@example.com
433,295,Sendor,Łukasz,62224152183,7768086457,799 484 644,lromaniak@example.net
434,714,Buchholz,Eliza,76578987598,4657993213,786 090 696,gkielich@example.com
435,218,Kudłacz,Anita,54167845392,7115071411,729 639 308,cmiszkiewicz@example.org
436,341,Zinkiewicz,Cyprian,95333426628,4508003305,535 223 123,roza68@example.org
437,740,Włodarz,Krystyna,77045176597,5302020775,+48 535 273 180,liwia78@example.com
438,166,Bubel,Oskar,54043551830,3600951633,788 977 510,kawalakornelia@example.org
439,698,Pokusa,Leonard,44010615291,4485941458,668 600 081,marcelhanus@example.net
440,989,Kukieła,Bianka,69164274225,8155197865,22 198 03 06,rozaliakik@example.com
441,935,Szkup,Klara,99511098147,6779853976,+48 22 099 26 65,piotrniebudek@example.net
442,232,Ostapczuk,Antoni,72496266834,6264260656,695 290 206,kowalukkazimierz@example.com
443,614,Pindor,Tola,77500357709,2905936508,+48 735 608 061,jedrzej08@example.org
444,114,Fojt,Piotr,42323269314,6231064231,600 835 253,roczniakalan@example.org
445,456,Stupak,Tadeusz,41916137829,5844530477,888 631 840,urszulaskotarek@example.com
446,306,Imiołczyk,Jerzy,85801244837,2160884325,505 026 258,emil28@example.org
447,654,Rudowicz,Błażej,82256219492,7318076934,+48 32 730 87 11,janaszmarika@example.net
448,495,Juśkiewicz,Stanisław,53238851461,1861145011,+48 509 387 500,dominik58@example.com
449,856,Namysł,Krystian,53617644711,4801827852,+48 22 913 19 62,matulkakalina@example.org
450,349,Kroll,Fabian,29195082543,4141835179,+48 22 366 53 14,ewa50@example.net
451,250,Pochopień,Jakub,92380672613,3125585829,600 589 783,urszulakopyto@example.net
452,323,Stępka,Eliza,64465263285,9547156513,+48 605 976 838,gmulawa@example.com
453,259,Korkosz,Janina,36993128095,9454641057,+48 731 479 764,mostafin@example.org
454,233,Dykas,Adam,62874860913,7622469801,+48 506 584 442,kazimierz48@example.org
455,681,Skwira,Marek,95674447072,1893895160,+48 32 640 19 34,krzysztofandrearczyk@example.net
456,233,Startek,Dominik,97855189894,1657600400,32 325 14 61,alex90@example.com
457,499,Urynowicz,Olaf,82512646407,7107616717,516 297 320,karina29@example.com
458,475,Molek,Igor,10483358072,6496434839,+48 698 749 209,ernestkolka@example.org
459,667,Makles,Eryk,19614477470,8555775237,+48 603 391 873,kurzacewelina@example.com
460,177,Mrotek,Malwina,50927904895,6985677609,+48 22 358 42 91,supeligor@example.com
461,115,Bryja,Daniel,24357935183,5880791900,573 426 535,gluks@example.com
462,775,Szyma,Sonia,72558070705,4265663788,+48 725 540 886,lciastek@example.net
463,772,Machowicz,Robert,36441094469,3735137036,782 910 909,tymonbacia@example.net
464,247,Felisiak,Konstanty,65515509317,8004301059,+48 665 277 188,mucnorbert@example.net
465,951,Baranowicz,Kornel,12637555158,3764093048,664 752 791,nikodemsadej@example.net
466,125,Puto,Dagmara,95260731089,2112223487,721 383 884,odzielak@example.net
467,797,Andreasik,Emil,13726322225,7664348106,+48 695 403 409,nela15@example.com
468,502,Sałuda,Julita,11860144674,5331330561,+48 780 960 516,zubowiczkrystyna@example.com
469,966,Komuda,Olga,31343694889,3014152604,+48 571 211 946,gaja07@example.net
470,793,Ryczko,Malwina,49513249358,4098065281,+48 32 688 70 49,przemyslaw26@example.net
471,163,Brózda,Ida,66954985723,3398850737,+48 606 777 231,hszkatula@example.org
472,605,Kaczmarkiewicz,Kamil,31151601432,1250772799,+48 780 651 516,liwiacherek@example.org
473,534,Woźniczko,Jerzy,30493650344,7386054952,737 652 852,alan09@example.com
474,893,Pancerz,Julita,81462924340,2336980987,+48 799 661 284,twalkusz@example.org
475,659,Wykręt,Kamil,25424050733,4601381324,+48 608 232 961,wiktor07@example.net
476,605,Rychert,Jacek,19449774170,4018155822,32 364 55 82,sandrapeksa@example.org
477,179,Kucz,Franciszek,80428254165,6118862328,882 640 131,sylwia79@example.com
478,991,Kozar,Konrad,77294941853,8714688508,787 673 804,sara28@example.org
479,326,Bugiel,Elżbieta,99108797029,4923121640,+48 723 474 937,yhamrol@example.com
480,166,Pachowicz,Tymon,84218469523,9192587721,515 230 782,konstantylapot@example.net
481,186,Wandas,Karol,29017243077,7306153522,+48 509 622 409,olaf36@example.com
482,267,Kiełek,Kalina,19533957432,6132658339,+48 698 426 972,kajaszumna@example.org
483,690,Jaje,Apolonia,48400236592,7597836416,783 150 505,karol66@example.com
484,721,Pawela,Borys,99104991744,3289092976,+48 723 010 660,nicolelyjak@example.com
485,129,Grunt,Iwo,92612708710,2042709991,661 052 536,apolonia47@example.org
486,726,Korniak,Maksymilian,71119706110,7792505891,32 001 02 40,gbrowarczyk@example.com
487,278,Czerkies,Łukasz,94299518576,2986706881,666 400 587,sswic@example.net
488,700,Budner,Tomasz,43672712887,4842316304,732 259 776,wawakjulian@example.net
489,271,Mirocha,Liwia,67642405765,2080260719,880 561 288,fksiezak@example.net
490,129,Mućka,Błażej,14767759151,9727098482,663 323 524,kornelmaliglowka@example.com
491,271,Burchardt,Bruno,46525836881,1074492971,+48 504 596 553,grabiasmaksymilian@example.com
492,964,Kruszona,Sebastian,83938279095,2751815390,+48 721 627 164,kamila91@example.org
493,733,Tecław,Tymoteusz,77299527172,7868069176,+48 571 646 225,drozdzielfranciszek@example.net
494,179,Korpal,Roksana,52258006800,3671185260,665 060 675,fkrenc@example.net
495,501,Olchawa,Olgierd,30177843459,8490270098,+48 32 366 70 43,ciapacezary@example.net
496,117,Bohdanowicz,Apolonia,90407426273,1011325668,723 124 621,tluczekernest@example.com
497,117,Rosołek,Borys,87351539009,1428570399,+48 786 595 184,anastazja87@example.com
498,397,Dziuban,Filip,86999568439,8289734814,+48 22 457 02 32,jakielmaciej@example.net
499,741,Morek,Nataniel,64996254041,3464883352,+48 576 263 864,rdros@example.net
500,962,Zontek,Alex,40404538229,6546281520,739 290 639,kaja92@example.com
501,977,Draus,Franciszek,61370216297,4372111117,880 338 690,maksogonek@example.com
502,219,Gogol,Olgierd,78888035827,9410245616,532 444 881,maurycyfura@example.org
503,661,Szajek,Eliza,85978710619,2312890818,+48 576 808 644,nicole67@example.org
504,325,Składanek,Aurelia,88621345349,4568894058,882 659 658,arkadiusz28@example.com
505,296,Panicz,Bartek,70538310808,4425422940,607 328 691,krystianwszola@example.net
506,509,Barłóg,Blanka,15967133484,3190565065,788 452 719,ypotok@example.org
507,138,Rej,Tymon,10645367150,1570602555,692 622 446,jeremi28@example.org
508,181,Sieja,Mateusz,73489937625,6094269333,690 105 503,fudalejtymoteusz@example.net
509,419,Kiepura,Jan,14975519902,3100120593,690 841 157,jczubaj@example.com
510,127,Siara,Oliwier,97185398177,1216307481,+48 783 746 271,bholc@example.net
511,796,Tórz,Artur,66056658180,6533121299,532 740 502,rszczot@example.com
512,588,Kordus,Julita,73615110383,6335434176,725 002 473,maciej26@example.com
513,817,Kuryś,Natan,85539167175,2815945849,574 266 054,oliwierkorkosz@example.net
514,368,Hajda,Tymon,85046491283,3292125256,575 379 978,adrian92@example.com
515,315,Wizner,Ignacy,84888345897,4529783756,600 562 755,grajaleks@example.net
516,347,Wilusz,Kamil,60186184725,4307528149,+48 696 020 745,malewicztomasz@example.org
517,585,Ledzion,Krystian,13152312323,9499644520,32 389 99 98,mariannadworniczak@example.com
518,193,Kordus,Anastazja,90648719884,8236568010,+48 888 474 287,tofileliza@example.com
519,358,Chorążewicz,Agnieszka,64755369179,5882775582,+48 720 140 350,urszulagoj@example.net
520,879,Chochół,Marek,31472791440,7790853825,662 348 985,nelamerchel@example.com
521,664,Elert,Cyprian,60521060852,3818247333,+48 32 081 00 35,alangoraj@example.net
522,547,Zamora,Eliza,70814881823,9699199720,722 945 683,melania90@example.net
523,942,Tecław,Adrian,71422085537,2752697958,+48 727 138 011,faltynjerzy@example.com
524,662,Makurat,Arkadiusz,55079688221,4687585363,797 805 957,emil53@example.org
525,345,Trzop,Dariusz,22486753463,6551435074,781 094 426,swierkotryszard@example.net
526,184,Koziatek,Franciszek,23584430507,9869428249,+48 606 743 930,anielalejman@example.net
527,962,Gołas,Jeremi,70582410821,6589061523,660 609 999,vstiller@example.org
528,319,Maraszek,Aniela,35838706617,1914747498,576 864 645,dwittbrodt@example.com
529,764,Dziuda,Julian,43004569786,7482511655,+48 785 972 251,suboczmaksymilian@example.org
530,703,Wenda,Mateusz,51420270426,8073312971,+48 573 891 158,elodyga@example.net
531,426,Konsek,Julianna,75791882151,5276600638,668 059 191,ebereda@example.net
532,343,Składanek,Krystyna,77437750548,9628765813,22 372 32 02,kamil85@example.org
533,278,Hajdukiewicz,Hubert,14514862028,1065944169,+48 791 044 450,norbertpietrusiak@example.net
534,447,Wujec,Gaja,81431603442,1638274580,+48 531 709 802,adakrekora@example.com
535,691,Bas,Piotr,96503883420,9316845564,+48 22 953 48 28,letkiewiczjacek@example.net
536,259,Dyka,Jacek,24723430200,5595781418,+48 888 596 816,supeljerzy@example.net
537,930,Piestrzeniewicz,Aurelia,10584463475,9906527502,+48 669 533 709,maszotatymon@example.net
538,921,Sochaj,Franciszek,98490389136,7323768828,601 310 419,wmoneta@example.org
539,792,Wawrzyczek,Tobiasz,11498788455,9523826272,724 303 240,wmlynczak@example.org
540,245,Tutka,Jerzy,83531168312,8944658937,510 648 900,kusioewa@example.net
541,174,Szemraj,Róża,57296193049,2585676482,889 039 131,jerzy05@example.org
542,273,Szabla,Sylwia,61641746517,2449341336,605 956 429,nieborakprzemyslaw@example.org
543,575,Chwalisz,Alan,24322173096,7766461399,+48 605 412 724,kilarprzemyslaw@example.net
544,397,Rutowicz,Marianna,84016489869,4555338239,661 647 082,bernardolga@example.org
545,470,Bączkiewicz,Kamil,38666996851,6233088739,+48 697 016 934,angelikakozka@example.com
546,711,Sarota,Alan,79812920028,7537768754,+48 795 398 750,ipianka@example.net
547,924,Stelmasiak,Eliza,18651388914,7711632196,571 865 998,aniela22@example.com
548,903,Trochim,Adrianna,32095956074,4859273865,+48 570 800 514,natanwasyluk@example.com
549,637,Szmuc,Eryk,58315170046,9851924722,+48 22 493 47 56,bialczykada@example.org
550,617,Pelka,Ernest,63049213481,2194850026,+48 607 625 471,xrompa@example.net
551,687,Cyganik,Norbert,24075979062,1123053322,+48 669 988 554,przemyslaw89@example.net
552,319,Leśko,Mikołaj,55365093296,7696710684,+48 725 388 903,wmalcher@example.net
553,716,Kryszczuk,Monika,21308853665,6692429669,538 998 602,lmendak@example.net
554,125,Sądej,Nela,52833407063,6188757446,+48 732 418 046,marcel19@example.net
555,308,Sadlik,Angelika,76957799437,6082791020,+48 604 224 733,akosciuszko@example.org
556,507,Noszczyk,Mikołaj,94261201159,6291733624,728 542 481,jprystupa@example.net
557,866,Bejma,Stefan,41388717422,4569970351,+48 600 290 822,apoloniastyrna@example.com
558,126,Trepczyk,Ida,48693574150,8537857803,+48 32 135 49 87,lewoliwier@example.com
559,656,Rzeszutko,Marek,15443045368,7202479661,784 351 935,karina21@example.org
560,489,Trybuś,Sandra,32077254386,8349211316,661 786 782,blanka37@example.net
561,560,Kowara,Krystyna,76698014349,1762623042,+48 514 746 870,michalmatyjas@example.net
562,784,Pik,Ignacy,81776041010,6270825724,+48 508 106 859,dorota27@example.net
563,174,Staniaszek,Monika,25965876843,9986240399,508 806 933,sommerdaniel@example.net
564,691,Kurczab,Juliusz,24403569363,4300090856,32 434 43 65,vboduch@example.org
565,677,Hus,Tola,71619190523,1388273711,+48 603 541 529,ekamyszek@example.net
566,974,Ofiara,Łukasz,26363616634,7449262182,797 598 891,myrcikaleks@example.net
567,206,Ulfik,Alex,96399385886,4523437390,+48 504 979 084,wladykajustyna@example.com
568,604,Nicewicz,Karina,80939384329,3581913472,+48 576 401 152,fabianulewicz@example.com
569,476,Karyś,Przemysław,76953590001,9106259217,539 662 696,vluckiewicz@example.com
570,699,Godzisz,Ada,54010253433,9228591305,690 166 412,szymon51@example.org
571,689,Szwałek,Grzegorz,96991993550,3508959765,691 160 166,marek83@example.com
572,842,Pasich,Fryderyk,81053587969,2395293381,536 059 523,marceldrobek@example.net
573,842,Gogol,Ryszard,45741286200,7174422377,+48 690 993 636,daniel94@example.org
574,214,Czak,Dorota,10042909511,7368030229,698 885 783,gjancewicz@example.com
575,798,Dudkowiak,Kalina,20066533199,6489612831,697 465 142,piekaczanastazja@example.org
576,803,Szybiak,Radosław,93360974294,8092694858,570 443 488,erykmetel@example.com
577,692,Morawiak,Maksymilian,39083246966,3180647623,+48 695 962 834,grzegorz42@example.com
578,322,Wyłupek,Albert,43897544125,1280076742,+48 880 866 100,korzonekolaf@example.net
579,331,Saj,Julian,36544873656,6362238589,+48 696 898 819,kosowiczfabian@example.org
580,340,Gronostaj,Gaja,95546012584,5141567071,22 971 86 29,urynowiczmateusz@example.net
581,598,Nitkiewicz,Gaja,46779475579,5978660050,+48 660 005 359,bobkonicole@example.com
582,709,Cader,Tymoteusz,47930467109,8369248639,690 504 319,olafmatenko@example.com
583,350,Wyrwich,Anna Maria,55550654924,4731913449,574 056 180,awyrobek@example.net
584,138,Godzwon,Krystian,76906737263,4909210881,511 682 514,mzykdawid@example.org
585,743,Drozda,Krystian,96140458671,3905655719,+48 792 848 973,justynaserwa@example.org
586,762,Juśkiewicz,Ignacy,67088376745,9601945332,505 533 470,farynaida@example.com
587,106,Kubiaczyk,Patryk,14660330526,5826148103,696 683 253,kgonsior@example.org
588,937,Herbut,Rafał,45171317184,3979587260,+48 795 617 525,anitaandrys@example.org
589,936,Marosz,Borys,59113640314,6581885965,606 266 731,majakmarika@example.net
590,851,Machowicz,Wojciech,93334294397,8228294919,784 453 002,gdreszer@example.org
591,956,Gorgol,Bartek,45403967697,4083492068,531 660 006,cielochmikolaj@example.net
592,273,Antoszczyk,Juliusz,53724970692,6017018185,883 476 469,mikolajbany@example.com
593,109,Hajder,Jędrzej,65900699053,2046636419,604 055 800,cwalocha@example.net
594,558,Hanke,Antoni,63938027197,6394053606,+48 502 868 310,eliza66@example.org
595,175,Kopytko,Cyprian,78810907871,8212293300,+48 661 773 446,dsteinke@example.org
596,570,Kulis,Iwo,79857858901,7006072016,534 977 332,olafszumilo@example.com
597,758,Staciwa,Aurelia,10591177407,2190734183,536 328 883,qpenar@example.com
598,486,Mszyca,Ksawery,24049334827,5461309921,794 505 340,ignacywylupek@example.net
599,899,Twardzik,Janina,83264181246,2213297891,669 038 968,horbaczsylwia@example.com
600,894,Wyciszkiewicz,Szymon,81261578841,3728716336,+48 666 657 958,klara39@example.net
601,441,Oszust,Adrianna,25725440545,3735736956,+48 783 512 444,kacper42@example.net
602,920,Bartoszak,Malwina,12079434074,8891203836,574 079 378,bujkomarcin@example.org
603,813,Lejman,Dagmara,25970875968,3774047021,+48 602 887 746,kojmariusz@example.com
604,412,Łupina,Julian,90853878405,9445005300,+48 511 449 013,robertzawal@example.org
605,956,Łasak,Damian,88191228070,1843701887,+48 32 470 25 07,mmartyka@example.org
606,818,Beker,Marika,71818192657,9840037176,883 179 407,ksaweryroch@example.com
607,701,Betlej,Radosław,36729423734,3316662496,723 593 466,krzysztof98@example.org
608,768,Chorążewicz,Tola,82496395653,8123640397,+48 576 916 312,dziewiorjakub@example.net
609,211,Sulich,Stanisław,75213799548,5512985553,+48 505 707 906,jacekfitas@example.net
610,657,Składanek,Natasza,89086071711,6462412867,697 372 692,gsnoch@example.net
611,321,Starostka,Marcin,92069605116,1431844407,+48 32 833 54 58,mbrojek@example.net
612,124,Pindor,Natan,40883890834,5996892216,+48 725 674 225,tmadziar@example.net
613,192,Witka,Agnieszka,44829022568,4246040711,+48 508 951 887,winniksandra@example.net
614,806,Gogol,Natan,68530568599,4907971519,+48 786 675 230,oskar25@example.org
615,814,Garncarz,Olaf,55109985443,5885931137,+48 32 996 86 01,michal78@example.com
616,307,Łuckiewicz,Mariusz,68947933131,4662131196,+48 883 013 430,adambik@example.net
617,174,Gołota,Marcelina,47365239341,5538292315,786 696 393,olkowiczeliza@example.org
618,399,Kosiak,Urszula,25792534113,6663858591,663 079 424,bielatjuliusz@example.net
619,600,Kaźmierczyk,Miłosz,33774564434,7083928721,+48 698 230 293,mariannabialasik@example.net
620,998,Spychaj,Aniela,33634488371,1722705539,605 085 799,igorrozumek@example.org
621,203,Zera,Rafał,44659671958,6940596159,506 864 719,konstantyziegler@example.org
622,642,Wiatrak,Paweł,52589962710,6345039233,+48 787 483 443,tobiaszandrys@example.org
623,882,Krępa,Dariusz,60152238890,6337444241,+48 576 944 824,dorotagospodarek@example.net
624,788,Cierpka,Jędrzej,15818137256,9363153453,603 073 721,fbotor@example.net
625,141,Toma,Gabriel,70135002410,1246573940,+48 724 755 058,mikolajjanoszek@example.net
626,713,Mikiciuk,Malwina,47567260629,5787896380,792 381 705,gajakutek@example.net
627,666,Zbiciak,Dawid,76360556016,2533988427,697 790 992,banekfryderyk@example.org
628,919,Lemiesz,Dagmara,79353257236,7566795307,+48 793 659 435,wpakosz@example.net
629,566,Kukawka,Michał,39681999658,1206220755,+48 22 438 64 66,pszalas@example.com
630,532,Godyń,Karina,16234500179,9034712397,+48 607 945 977,radoslawwasilewicz@example.net
631,808,Borzym,Damian,61048912229,2619355066,32 512 34 98,jsobilo@example.com
632,930,Szelest,Aleks,48355653230,7815927267,660 790 719,piesikmarcin@example.org
633,163,Sowała,Tymoteusz,48970657088,3999954499,887 767 632,damiankubanek@example.org
634,173,Gruszczyk,Nicole,68502697306,9442317735,+48 738 844 556,lroj@example.com
635,508,Żynda,Rafał,19166325096,2034181398,698 683 159,sandra17@example.org
636,444,Job,Dominik,98454058093,3357475336,+48 796 850 817,mwawrzynowicz@example.net
637,730,Pęksa,Anita,41776992975,3040397131,530 691 197,fkurzak@example.com
638,574,Gryska,Aniela,78845955652,8780669979,663 884 313,aleksanderjezior@example.net
639,755,Grabas,Ewa,45635878857,8423672452,+48 507 651 026,yjedral@example.org
640,443,Wasążnik,Oliwier,60079492430,9346282207,605 354 840,duniecrozalia@example.org
641,373,Preś,Rafał,59531844412,2863618564,+48 788 245 458,egadzala@example.com
642,717,Kosiak,Aniela,81010792912,6606722042,+48 579 106 450,komperdaaniela@example.com
643,969,Szlachcic,Dariusz,72976907231,4912892569,22 107 06 16,vlapot@example.com
644,334,Chalimoniuk,Eryk,41662612970,9293934458,+48 505 786 102,aureliababol@example.org
645,507,Sładek,Ryszard,13704101090,8243199761,728 582 844,kiciakmarika@example.org
646,339,Kielczyk,Adrian,42567148143,2730933481,+48 22 062 57 96,kurzakolgierd@example.org
647,973,Folga,Julian,45684207745,7566521362,+48 882 032 617,maksburnat@example.com
648,341,Pakos,Alex,32265213546,8902921430,+48 515 314 683,njaszczur@example.org
649,183,Leks,Lidia,85703342961,1095565324,+48 881 975 911,damian86@example.com
650,174,Lewko,Aurelia,73280688393,2290901478,883 515 817,aniela07@example.com
651,905,Irzyk,Inga,38734266833,4988080945,+48 504 125 258,ksawerydyszkiewicz@example.net
652,964,Filas,Sonia,55738625130,8610938222,22 686 57 95,sedekkrzysztof@example.com
653,923,Rubacha,Ryszard,48696214626,2733875524,513 582 738,cprygiel@example.net
654,795,Bork,Tola,82225692908,3294926725,+48 501 338 390,uprostak@example.net
655,787,Glegoła,Alex,35468318133,7486453602,22 269 47 31,ciarkaroza@example.net
656,502,Minkina,Nela,21576009392,3993029471,+48 799 083 484,mikolaj25@example.net
657,285,Klejna,Wiktor,77256247554,3151472343,+48 695 706 026,oliwier75@example.com
658,939,Wnuczek,Maciej,89680990606,3863610003,22 633 81 66,gmurczykoliwier@example.org
659,303,Pruchnik,Adam,27918125283,1987868552,516 884 158,stefanikdaniel@example.net
660,430,Browarczyk,Artur,12202809583,9976150220,737 056 142,stanislawszymajda@example.org
661,522,Pianka,Karol,38469206423,2968180244,+48 730 695 704,pacholakkaja@example.net
662,596,Proch,Apolonia,90570652604,3166777742,539 801 497,angelikagolisz@example.net
663,232,Stachewicz,Marika,59138354585,1594465144,22 763 68 73,qpalega@example.com
664,940,Goliszek,Sylwia,20921827774,2154006483,+48 722 384 741,omakar@example.com
665,486,Wikło,Robert,87690706597,3687321380,509 414 385,xpabis@example.org
666,521,Poreda,Cezary,75267679593,4785885786,+48 794 279 159,ryszard43@example.net
667,128,Kijanka,Monika,23014008742,1176106634,32 268 01 41,anita13@example.net
668,184,Suchojad,Janina,81492932908,2114586701,+48 780 833 199,aleks46@example.org
669,424,Płocharczyk,Natan,49118190769,4992553523,+48 784 760 311,iwasyluk@example.org
670,785,Gryka,Kornel,66173813658,2587052782,+48 22 624 45 78,xbakiera@example.com
671,847,Wyciszkiewicz,Ewelina,48175841619,9273453707,+48 727 860 737,marekskupin@example.org
672,568,Łukasiuk,Fryderyk,14996940117,5281357348,721 736 446,arkadiusz19@example.com
673,377,Boguta,Tymon,88450660550,2763578322,+48 789 822 369,ingakujda@example.org
674,438,Kołsut,Fryderyk,82885204253,8425420104,728 229 176,flezon@example.org
675,899,Galek,Ewa,92911362507,7051323604,+48 668 427 318,anastazjapanicz@example.org
676,324,Kornek,Malwina,32185449242,5581948355,692 521 159,kornelsobisz@example.com
677,255,Jędrasiak,Leonard,49787428768,9258035507,795 831 472,wandzelolaf@example.org
678,245,Dunal,Tymon,47204963480,3076044932,788 080 543,adriansadoch@example.net
679,679,Piotrkowicz,Dorota,97269156028,9260668884,736 073 711,tbobrowicz@example.com
680,964,Ruman,Kornel,51125690520,5086371952,+48 32 903 88 18,uburchardt@example.com
681,396,Dąbkiewicz,Norbert,58091162202,9389565820,22 357 18 89,kutniktymoteusz@example.org
682,212,Wrochna,Roksana,62569712812,5640161324,699 247 730,goliaszaniela@example.org
683,860,Ligenza,Aleks,52365114034,9125958613,576 102 942,kacperekpawel@example.org
684,784,Wyroba,Gaja,58487402083,6156076621,726 067 884,kazimierz63@example.org
685,658,Margol,Marika,34163922785,3317458183,660 549 223,bsuchojad@example.com
686,266,Zontek,Norbert,97899749655,1147312517,22 600 48 05,fedykjan@example.org
687,511,Pruchnik,Mikołaj,31590074258,6870284525,+48 739 853 281,karol00@example.com
688,970,Kocurek,Kamil,54140174779,6879373347,+48 32 396 89 91,kosiecleon@example.net
689,914,Łaciak,Kajetan,53099010090,2502346535,+48 660 953 136,qstebel@example.net
690,329,Loba,Bartek,88989603217,3167944210,+48 669 078 020,olafkanik@example.net
691,289,Filek,Leonard,62713164751,8693196330,537 787 255,ohrynkiewicz@example.net
692,562,Megger,Albert,17261170823,9402864537,+48 513 223 681,pupekhubert@example.net
693,829,Bałdys,Justyna,80136564676,9512796761,+48 22 814 77 27,melaniabryzek@example.org
694,682,Majos,Kacper,67033538047,2456447449,+48 507 234 225,trocalbert@example.org
695,403,Karol,Adrianna,17829408459,5101613866,+48 660 094 905,ingabudner@example.com
696,869,Bosek,Bruno,85536863500,8475282494,32 353 32 56,hubert85@example.net
697,716,Zieja,Nela,44546294022,1351511903,609 609 758,marcelinasmektala@example.com
698,271,Kuncewicz,Arkadiusz,19432810521,1900562117,+48 695 284 771,lukasz55@example.com
699,299,Reszke,Krystyna,93125617548,8595815331,+48 726 119 245,piotr36@example.org
700,911,Letkiewicz,Olga,61499307193,6836673668,578 574 394,kapinosmarcelina@example.org
701,173,Ziemkiewicz,Apolonia,93122076477,2331972982,691 538 287,patrykfaruga@example.org
702,706,Bednarowicz,Monika,86886157736,2760715304,+48 22 860 18 87,olmakamil@example.com
703,609,Mycek,Oskar,10617768301,5327541938,+48 32 160 81 99,galonsandra@example.com
704,120,Kuświk,Jan,29310822638,3162340475,+48 504 429 529,smalsebastian@example.com
705,378,Nickel,Julian,31742892397,2350628974,+48 669 553 149,dorota11@example.com
706,634,Mieloch,Tadeusz,87305522740,8818661469,733 651 835,gkurczak@example.net
707,109,Faruga,Ignacy,65671428903,2294264832,884 285 842,stoltmanndariusz@example.org
708,808,Ćwierz,Oliwier,36920977678,6234933197,609 530 257,monikamirga@example.net
709,956,Lelonek,Julianna,46585122685,1518664355,+48 660 193 134,nataniel69@example.org
710,335,Dudała,Krystyna,99904794453,1562720804,+48 733 288 925,tolapalyga@example.com
711,732,Hudzik,Dariusz,14692577972,4914145601,+48 784 210 688,sminkina@example.net
712,473,Dyda,Emil,55762145538,8308054529,+48 793 409 949,adam37@example.com
713,161,Luberda,Marcel,72270913746,2765337663,506 375 059,stefan87@example.org
714,204,Fojt,Ignacy,64342516007,9447130599,+48 537 867 560,zarzecznajerzy@example.net
715,155,Zawartka,Malwina,89326855765,5631724647,510 033 719,szymochaignacy@example.org
716,486,Migała,Andrzej,83588182635,9558597048,662 234 818,prazuchkajetan@example.com
717,510,Staś,Kaja,96972891703,9191673698,721 160 597,albertciurus@example.com
718,753,Pitek,Apolonia,57877836984,3113083140,22 429 43 60,juliannakmak@example.com
719,758,Tasarz,Eryk,11904337715,9084439625,+48 691 192 686,tobiasz48@example.com
720,719,Jędrys,Elżbieta,38776805893,9965613291,22 481 55 12,kajabartoszczyk@example.net
721,548,Hornik,Ida,21469520263,6972611942,+48 531 215 272,smardzjulianna@example.net
722,197,Kubasiak,Paweł,30634072302,7782646158,881 640 555,stanislaw67@example.net
723,318,Małas,Jacek,13022049908,8451894307,667 897 537,leon02@example.com
724,625,Granat,Artur,96510546404,1605762749,+48 724 781 893,podlesnakonrad@example.org
725,794,Sadłocha,Adam,20876807380,8606819318,+48 691 916 945,karol65@example.com
726,739,Dzikiewicz,Maciej,90092732149,3473403194,+48 690 584 647,styrnakrystian@example.com
727,171,Kargol,Albert,70744018253,7531187910,+48 518 772 503,mikolajklaus@example.net
728,994,Barankiewicz,Juliusz,98474706890,4706093510,572 520 198,mirgadorota@example.org
729,888,Steuer,Lidia,58575701096,8908620142,+48 662 540 371,klara86@example.org
730,259,Lempart,Dariusz,12832438616,5518757456,571 297 926,guziakgabriel@example.com
731,617,Żabka,Olgierd,34523695494,9005845922,+48 32 177 48 21,njaszczyszyn@example.org
732,256,Korniak,Arkadiusz,16124704629,9061679270,+48 519 715 631,tzgola@example.org
733,895,Waniek,Miłosz,57130696417,3453999087,666 205 480,radoslawhirsch@example.com
734,522,Dzierżak,Agnieszka,57943800402,1236922679,+48 734 657 876,cpazdan@example.com
735,886,Goik,Dawid,27304325690,7934672017,570 000 836,witold03@example.net
736,439,Janoszka,Angelika,33409998862,5824742378,22 908 94 26,osojcaeryk@example.net
737,802,Huszcza,Sara,85473109471,7212973725,724 843 440,adasapala@example.net
738,994,Bluszcz,Krzysztof,82798220374,7416940577,+48 513 287 769,tprygiel@example.net
739,611,Wojtalewicz,Julianna,60992403700,8440970975,+48 22 820 72 62,burchardtjulian@example.net
740,296,Szyma,Cyprian,31116009951,7370500827,+48 880 037 549,trzosgustaw@example.net
741,745,Macheta,Krystyna,90363641589,8576016024,736 744 752,delugamalwina@example.org
742,280,Biesaga,Tymoteusz,73044406734,2731717589,+48 513 371 875,kfijalek@example.org
743,194,Sarniak,Michał,99522948815,4383883033,780 679 240,kucharzykgaja@example.net
744,433,Kaliciak,Klara,77986761515,5499925979,720 812 302,maciej53@example.com
745,969,Sura,Tomasz,86715390247,1884565159,787 823 580,apolonia42@example.org
746,470,Wlaźlak,Julian,48265118352,1271494895,+48 534 007 719,luszczakaniela@example.org
747,389,Bogaczyk,Gabriel,19740877586,1944796090,572 261 505,tobiasz18@example.com
748,532,Franas,Sandra,25247237646,9551394335,32 982 60 24,dorozkrzysztof@example.com
749,915,Darłak,Patryk,41971742858,7590472190,+48 602 606 453,maurycy95@example.org
750,903,Poleszak,Mariusz,15940994966,6709447750,+48 883 368 665,anna-marialitwiniuk@example.net
751,343,Potoczek,Stefan,65764820156,5151170340,+48 32 773 76 06,agrzeskow@example.net
752,602,Dietrich,Kalina,59319322978,9669859369,+48 725 678 754,monikabulak@example.com
753,215,Czulak,Kamila,11615464284,7417025406,+48 788 125 147,nataniel35@example.com
754,567,Drela,Aurelia,83269169903,2992512241,786 855 719,leon21@example.org
755,967,Puch,Monika,14495411453,7610263639,+48 782 751 270,ewa29@example.com
756,123,Boksa,Ewelina,31182097737,9423229758,32 269 35 71,arkadiuszwawrzyn@example.net
757,175,Pawlonka,Natan,80687400755,6276918488,+48 720 647 056,krameranna-maria@example.org
758,330,Naumiuk,Kaja,27019768001,1774123647,+48 512 104 414,nstrzoda@example.org
759,368,Gustaw,Anastazja,30991056416,4786584936,693 494 552,wiktor80@example.net
760,529,Jamrożek,Nikodem,42178025138,3262671565,22 369 75 80,julianna25@example.com
761,769,Gabrych,Robert,58187143050,6009031771,+48 668 190 899,xkuliberda@example.org
762,958,Misiuk,Nataniel,40303965335,3375193107,+48 695 545 992,jozefstaniaszek@example.net
763,510,Maszota,Kamil,86363847541,4814214306,504 348 664,psakwa@example.com
764,459,Ułanowicz,Karol,78118463575,6558527649,+48 663 186 152,rozalia46@example.com
765,180,Kondej,Natan,19101462584,1403791777,+48 32 234 85 89,hkolesnik@example.org
766,772,Tomaszkiewicz,Aurelia,13474378257,6782721671,663 878 923,filipkiepas@example.com
767,801,Hamera,Leon,28713546943,8342848818,885 268 736,wiatraksebastian@example.net
768,342,Gonet,Grzegorz,66375955004,3541663066,32 947 52 17,grzebykagnieszka@example.com
769,169,Mikłaszewicz,Urszula,77755280823,1892414312,514 008 563,zleszcz@example.net
770,840,Pierz,Ignacy,72937433907,1903440094,+48 503 696 455,bartek11@example.org
771,842,Lesisz,Urszula,63630842159,4716057510,698 953 102,aolchawa@example.net
772,230,Troć,Monika,74008058697,2569225670,+48 787 891 179,bakaoskar@example.net
773,654,Leoniuk,Kamil,58043663403,2011079654,+48 889 684 324,liwia22@example.org
774,120,Ziniewicz,Apolonia,59495345768,7366805927,+48 512 999 502,widlakmariusz@example.net
775,339,Dziduch,Mariusz,77646996471,4533147281,+48 537 671 849,robert59@example.org
776,657,Pracz,Cyprian,63970409490,4074725597,799 891 801,kfranik@example.com
777,421,Prokurat,Sylwia,64611210366,6953289981,792 290 136,pbielen@example.org
778,813,Naczk,Kaja,22637475378,3858177393,+48 883 731 376,jozef20@example.org
779,407,Ornat,Jakub,92587540881,3876549318,669 721 249,pietrusantoni@example.com
780,886,Szkopek,Anna Maria,77581294188,4060633844,786 445 083,migdaradoslaw@example.org
781,586,Kempka,Sara,25860100312,2418267070,+48 721 257 825,jerzy93@example.org
782,362,Thiel,Kajetan,83038947157,3163410570,669 028 936,anielapyc@example.org
783,516,Piotrowiak,Stanisław,32600717823,2157713004,603 674 095,holeksaanna-maria@example.net
784,393,Faruga,Ksawery,42806931098,9122533635,+48 22 796 52 33,lkusik@example.org
785,806,Mądro,Mikołaj,99608589144,7490273365,727 723 481,inga07@example.org
786,568,Głownia,Jakub,13489849547,7904585467,+48 530 142 841,lukaszpyza@example.com
787,536,Samul,Tobiasz,55485890501,3591588542,883 563 637,maks97@example.net
788,536,Salawa,Hubert,90048633337,1132784799,+48 22 040 06 02,borysziegert@example.net
789,637,Berendt,Ewelina,15204669749,1910584207,723 545 190,bartekgajcy@example.com
790,303,Zapora,Dominik,38425212783,6717823343,+48 508 752 307,kgoik@example.org
791,790,Bernatowicz,Blanka,76391384838,7252268497,+48 502 403 433,hubertwosiek@example.org
792,439,Bąkiewicz,Angelika,38127013337,3547938991,786 238 181,olchawakajetan@example.org
793,424,Szwaja,Janina,36334154933,9208001576,507 930 187,bwyrobek@example.org
794,192,Domińczak,Anna Maria,98038952370,1440190059,+48 537 725 786,pawelzaniewicz@example.com
795,665,Gumienna,Sylwia,44742902922,5246797266,+48 32 012 90 29,anastazjaslobodzian@example.com
796,658,Żółtek,Dawid,78878871625,6897978583,667 540 026,upych@example.org
797,210,Piersa,Karol,19674246887,7780826814,605 465 516,fryderyk09@example.net
798,814,Zyguła,Gabriel,61461167912,7632796558,780 266 604,maratblazej@example.org
799,891,Derek,Tymoteusz,45750760903,8912352495,608 678 178,jedrzejrobaszkiewicz@example.org
800,787,Białous,Kacper,99046976736,8049883134,502 207 594,pacygajakub@example.net
801,128,Gendek,Krzysztof,36167585136,3775761626,+48 537 710 121,ryszard34@example.org
802,344,Gałat,Kornelia,14145775617,5283422254,+48 669 962 546,hennigkrystian@example.net
803,821,Stojak,Dariusz,30128305797,2165021827,536 557 727,radoslawkesek@example.net
804,166,Dzienis,Bianka,55854311749,5277253711,+48 32 188 12 17,sankiewiczadrianna@example.org
805,652,Skałka,Błażej,97874256248,9427488079,+48 22 981 55 65,patrykkobryn@example.com
806,927,Budrewicz,Anastazja,82236689881,8173861509,+48 690 490 226,dsterna@example.org
807,463,Roch,Gabriel,76310342134,3840921454,+48 661 355 413,konstantymonika@example.com
808,930,Skowyra,Monika,62275880788,9555108361,+48 734 545 753,kapuscikjeremi@example.org
809,194,Lemiesz,Tobiasz,21053251729,5206895601,608 423 530,liwia63@example.net
810,443,Kozłowicz,Janina,94141391402,8729702257,+48 729 922 163,rafalchudoba@example.com
811,643,Bekus,Kacper,28951172744,2659616726,699 869 611,roza79@example.net
812,901,Świergiel,Liwia,83688338616,5096786502,577 486 307,oliwierchaber@example.com
813,545,Siemieniec,Damian,46228013045,2686797180,+48 660 253 174,urszulablaut@example.net
814,474,Patoła,Maurycy,70583034315,3405914135,+48 733 162 170,misiarzgrzegorz@example.org
815,313,Kośnik,Malwina,38323673179,1438701347,+48 602 867 064,dbieszke@example.org
816,686,Andziak,Tobiasz,46761899428,4348991505,+48 32 711 14 72,robert83@example.net
817,494,Stachelek,Nataniel,46244949776,9669887179,+48 574 560 996,krzysztof55@example.com
818,522,Mirga,Tadeusz,29004968488,2089839697,+48 781 906 336,konradgoj@example.org
819,645,Dziuban,Konstanty,61664160748,7968348404,+48 737 591 245,nmigala@example.org
820,768,Karpiel,Olga,85785615115,5965218112,+48 511 725 758,kolberewelina@example.net
821,150,Mordal,Marcin,68215327842,7700678991,537 556 953,bartoszakoskar@example.com
822,655,Żach,Marcel,34244034723,8757885536,698 664 053,tgoral@example.net
823,243,Puc,Tomasz,32721016348,3913690580,+48 32 141 54 10,gustaw19@example.com
824,826,Kośnik,Aurelia,14151761769,8284855946,+48 690 099 098,czuradawid@example.org
825,389,Kolarczyk,Blanka,46296722820,9943656975,514 528 522,urszula28@example.com
826,991,Puto,Krystyna,37620101510,1149922056,+48 534 591 121,ewatras@example.com
827,571,Dziuban,Agnieszka,34600389102,9316002235,883 389 505,robert83@example.com
828,862,Trzop,Dawid,18520939537,7615086545,+48 32 829 24 31,marekkiljan@example.org
829,588,Grześków,Leonard,25475024969,7771189240,+48 667 220 387,zkorkosz@example.org
830,678,Siembab,Iwo,60567910454,5759398852,32 742 58 27,melaniamaruszczyk@example.net
831,382,Sierota,Józef,33565697248,7264314002,32 176 99 94,karpikmaciej@example.com
832,792,Nicewicz,Marek,63872708690,5992824117,+48 666 587 155,marcin22@example.org
833,235,Koniec,Ernest,12504849535,1337786044,+48 695 007 189,szymon24@example.net
834,595,Steckiewicz,Radosław,99901093730,3454713233,721 487 125,marikawiciak@example.com
835,943,Pochroń,Leon,22624841941,7512008640,721 276 294,ckroczak@example.net
836,307,Szłapka,Kornelia,36281659736,7599744394,+48 798 775 474,karysfilip@example.net
837,875,Karwala,Angelika,19315698660,1783744705,+48 22 632 61 06,pbochnak@example.net
838,909,Stefankiewicz,Adam,58175625395,6440854053,601 354 728,delikaturszula@example.com
839,760,Klęczar,Sandra,94217581039,1741659328,503 251 272,pupekeryk@example.org
840,337,Matwiejczyk,Artur,47417636583,3096864088,504 179 545,igor04@example.org
841,592,Zmarzły,Ada,42751902024,7364597541,532 889 495,roksanamichalczak@example.org
842,170,Wandzel,Emil,63578461142,9971718296,+48 799 857 467,hrabiaandrzej@example.net
843,865,Połetek,Adrianna,55550981635,8470745920,+48 780 688 776,bystronmarcel@example.org
844,378,Jenek,Ignacy,55481802241,2975383059,+48 32 470 92 02,gsajewicz@example.org
845,716,Padło,Szymon,44103073713,3184000061,+48 505 479 550,pwiesiolek@example.net
846,419,Wochna,Marika,73397966979,9396897868,608 870 903,karina71@example.net
847,578,Skierka,Ksawery,17661543917,2686000498,+48 698 795 093,vburza@example.net
848,448,Labocha,Bianka,87779975856,5814942314,+48 781 121 938,wszczubelek@example.net
849,914,Biesaga,Igor,67961634932,6812553224,32 319 99 71,drykadaniel@example.net
850,554,Mikosz,Krystian,25578368373,5200659902,32 540 05 47,aleksanderdurys@example.net
851,425,Flisiak,Kaja,97038183550,6805122004,781 398 665,nchaba@example.net
852,276,Polasik,Hubert,48287322872,4196373252,+48 32 989 95 15,anastazjawojtak@example.org
853,449,Janczarek,Elżbieta,86960858104,5224972408,+48 664 851 688,tomaszkohut@example.net
854,238,Strójwąs,Marcel,99190777520,9372146058,+48 790 953 430,imysiak@example.com
855,133,Tołoczko,Oskar,69957519570,4440115765,504 604 635,karol07@example.net
856,910,Dudziec,Oskar,25938276104,9308583288,+48 22 584 83 75,dariuszbuszkiewicz@example.org
857,135,Szymanik,Ewa,57206446027,8069546431,+48 788 158 045,antonibrzezniak@example.org
858,580,Jonak,Juliusz,53785229193,5972513410,889 202 998,marikawujek@example.net
859,279,Nabiałek,Natasza,27104360766,2183507521,727 281 400,janiszekwiktor@example.com
860,547,Skrobot,Maksymilian,96289486498,5539206307,+48 737 184 318,mieszko31@example.net
861,326,Kolek,Dominik,69215393549,5158439135,505 911 949,ksaweryzoladkiewicz@example.com
862,280,Żelazek,Witold,72657211362,9520161043,720 107 908,michalgalos@example.com
863,341,Wasiewicz,Kornel,53063841362,5249011394,731 675 214,ewareimann@example.org
864,520,Dudko,Tola,14699037703,8520341840,+48 600 776 672,kacper78@example.org
865,944,Kucewicz,Krystyna,60416950041,5306130560,+48 604 006 721,blankastarzak@example.net
866,305,Gmurczyk,Jeremi,71675546349,7066197122,666 571 522,julian96@example.com
867,907,Grygorcewicz,Jerzy,89715544090,9558617753,788 844 803,dorotaknysak@example.org
868,180,Jędraszczyk,Antoni,91882354963,5644843441,787 402 484,urszulaglazer@example.org
869,174,Muc,Cyprian,96209898355,3396508708,799 716 091,dkarczmarz@example.net
870,269,Kloch,Fabian,16011469908,9151569826,782 436 486,patryk68@example.org
871,418,Dorna,Ernest,67109933377,1656309921,724 622 913,janoszektadeusz@example.org
872,711,Siewert,Hubert,46495860010,9379826626,669 604 615,kamila58@example.net
873,702,Błaszyk,Nela,24180873896,8536286010,+48 698 608 358,xpaszkowiak@example.org
874,409,Laszuk,Julian,84864230955,9710554021,+48 32 898 83 00,cezarymirocha@example.org
875,836,Rajtar,Stefan,83852977816,3815093142,+48 730 362 850,lidiafabianczyk@example.net
876,707,Kwinta,Szymon,96195784228,6537284531,609 391 101,nela66@example.com
877,962,Praczyk,Iwo,14750083287,1035003699,+48 509 434 187,marcel60@example.com
878,394,Bytner,Kamil,44295441255,1738651724,+48 578 092 013,leonard58@example.com
879,851,Skubała,Nikodem,44770913609,2145853150,720 688 233,arkadiusz46@example.net
880,240,Stawowczyk,Maurycy,60758891619,7847124926,537 516 356,krzywonosalbert@example.net
881,984,Piesik,Arkadiusz,11898486956,5875959076,721 510 336,byrasebastian@example.com
882,958,Ułanowicz,Jan,20259958531,8540788283,+48 783 455 118,maksymilianklemczak@example.com
883,855,Żurawik,Tadeusz,16511129380,5948832138,+48 789 484 400,wiktor37@example.com
884,298,Sieczko,Nela,13937767738,9245909944,886 082 222,aniela88@example.org
885,534,Ciuk,Sara,66489881214,1896879112,604 548 145,olgakrefta@example.org
886,907,Filas,Adrianna,56319756147,8773115457,+48 576 100 945,franiakgabriel@example.net
887,885,Synak,Natan,16193603433,3021165252,+48 537 774 878,qpolaszek@example.com
888,262,Sierżant,Gaja,19930441247,7681829642,+48 793 867 323,grothtobiasz@example.com
889,222,Piotrowiak,Konrad,17923811620,3226837053,+48 723 242 435,olaf01@example.net
890,924,Mętel,Tymoteusz,42847431240,7108472707,+48 791 445 507,soloduchaewelina@example.net
891,925,Gryka,Sylwia,42266720122,2739152160,780 055 335,vscibisz@example.org
892,750,Pyszczek,Sandra,45481158847,2540916715,+48 663 598 012,iwardzala@example.org
893,680,Szczesiak,Mikołaj,34380177777,7116976212,660 115 892,artur95@example.net
894,911,Darłak,Aleksander,77710583572,5678375474,+48 533 808 962,boduchnicole@example.net
895,456,Fik,Gaja,40623582362,3792839198,513 465 854,bytnerradoslaw@example.net
896,374,Maruszczyk,Ida,74277214009,5610467734,789 718 848,lros@example.net
897,109,Linkiewicz,Maksymilian,42867650381,2852998443,576 483 693,miloszsiarkiewicz@example.org
898,970,Aleksa,Radosław,58974486606,8641754001,667 586 193,skleczar@example.org
899,160,Tomalik,Kacper,18474194806,5186855612,32 280 89 85,czuprynabruno@example.com
900,732,Jasionek,Jacek,24900374235,1967736533,532 268 222,karol60@example.net
901,803,Kozdra,Adrian,12681394537,7349788877,+48 537 334 782,upazdan@example.net
902,310,Gierach,Eliza,14904382998,4740180466,791 128 960,dzidekoliwier@example.com
903,831,Kęsek,Jan,32752827517,6537952835,796 665 807,fabianciarka@example.com
904,432,Gwardiak,Ada,19943034714,8972089991,+48 32 720 29 21,glebaadrianna@example.net
905,510,Wośko,Sandra,73442594536,1866327376,513 920 246,brunoolszyna@example.com
906,382,Przerwa,Kamila,89579762036,6814055263,22 990 98 92,browarczykida@example.net
907,407,Chlebda,Maks,99377203343,2872839597,22 412 74 48,ndziuban@example.com
908,446,Karwala,Nicole,55824400238,7432898850,+48 785 210 690,czerepakolgierd@example.net
909,706,Gniewek,Mariusz,32484152830,8719693483,733 303 771,marcinmysior@example.net
910,925,Sołek,Monika,14044480046,5311803281,+48 695 287 838,anielagabka@example.net
911,212,Pociask,Albert,71061183013,1633134908,661 199 210,tomaszszylar@example.com
912,971,Chwedoruk,Bruno,39272681404,7399358184,515 675 668,lawniczekalan@example.net
913,566,Milka,Monika,70251765665,2768744721,+48 32 140 81 14,ymytych@example.org
914,586,Jędrusiak,Arkadiusz,12553190387,4718001111,887 162 285,ingafiedoruk@example.com
915,406,Jakubaszek,Józef,98151438140,8366493650,+48 22 877 45 16,mrotekleonard@example.com
916,898,Krochmal,Cyprian,39690009711,2455093202,661 122 194,xgoska@example.net
917,986,Horbacz,Bartek,60461209653,1946373000,+48 600 627 673,arkadiuszbernatowicz@example.org
918,726,Kiwior,Janina,71344937396,9252445685,+48 537 819 289,hdrygas@example.net
919,407,Cywka,Dominik,65186076274,7908073208,+48 735 314 448,izbrog@example.net
920,121,Baka,Melania,18161017736,3680676970,727 305 183,gustawsladek@example.com
921,473,Borzym,Franciszek,10985523873,4432797307,574 433 470,mironczukjacek@example.com
922,991,Wenda,Julianna,29917150733,6146149825,+48 22 138 07 29,korneliasloka@example.org
923,428,Osipiuk,Adrianna,62119755201,5608787427,882 856 345,lukowiakkazimierz@example.org
924,581,Jaskóła,Liwia,31404425998,8813895734,+48 32 113 98 37,ksawerydylong@example.com
925,844,Pyrkosz,Maciej,16259503639,4709155847,+48 725 834 693,ewa68@example.org
926,716,Spadło,Olgierd,22613819531,6818774363,+48 531 465 187,matejukgrzegorz@example.com
927,855,Galek,Krzysztof,48386823218,9755564586,889 523 611,olaf49@example.org
928,902,Krüger,Melania,91999994267,8113065095,732 550 850,panasewiczksawery@example.net
929,214,Adamów,Tadeusz,94337166608,8439994234,+48 721 032 154,andrzejcieciwa@example.net
930,768,Betlej,Tadeusz,93531288741,6902312280,+48 783 029 817,witold46@example.net
931,137,Korgul,Kaja,21795208330,1797745408,+48 32 268 80 71,pmieszala@example.net
932,316,Jarmuż,Krzysztof,85822144338,4265188405,+48 574 743 744,waclawdaniel@example.net
933,511,Błażejewicz,Ryszard,17381715182,8906442113,+48 797 732 675,ffidor@example.org
934,969,Kwinta,Rafał,65410587210,6635800107,727 200 949,ngabryel@example.com
935,687,Bielat,Alex,62908297690,1559667740,+48 789 647 702,monikajamrozek@example.com
936,664,Węgrzyk,Paweł,39003546925,7535500223,+48 794 458 862,robert22@example.net
937,806,Stanaszek,Kamila,86321197452,6795736377,+48 607 830 345,mdziadowicz@example.com
938,439,Wielgos,Julianna,27723444326,6919850824,+48 729 398 720,patryk66@example.org
939,401,Florian,Jeremi,90298633778,1908881084,+48 570 929 256,golofitdominik@example.com
940,551,Soczewka,Antoni,33560946318,4449984816,+48 734 588 508,potoczekwiktor@example.com
941,275,Bienia,Sebastian,68355488314,1533394825,503 050 805,paluslukasz@example.com
942,634,Zbrzeźniak,Nicole,46576353235,1575635442,+48 735 359 904,kielanradoslaw@example.org
943,800,Wawszczyk,Marcin,16302491721,5255735432,785 476 233,kaja19@example.net
944,489,Ciechowicz,Nela,27643782800,2178070261,22 558 17 14,ryszardrozumek@example.org
945,718,Kadela,Ada,64557960751,1713392357,721 562 603,borysszalas@example.com
946,367,Kiełbus,Paweł,89204355302,8216580076,32 068 10 52,melaniakroczak@example.org
947,275,Misiaszek,Agnieszka,63385608511,6619738903,+48 696 426 662,rgasek@example.org
948,906,Sidorczuk,Kamila,85385728294,1253689132,726 501 610,maks70@example.net
949,121,Witas,Eryk,49879516549,5347144475,22 477 70 19,sadlaksonia@example.com
950,614,Fechner,Rafał,33625041459,7863068835,+48 511 718 729,maciejciarka@example.com
951,977,Wardzała,Sylwia,15410150905,2053872626,881 095 387,tfojt@example.com
952,818,Klisz,Artur,77409843524,7189439949,577 246 091,qrygula@example.net
953,682,Długajczyk,Aleksander,33610288169,5216889678,+48 883 750 627,hajdersylwia@example.org
954,834,Kowaluk,Maksymilian,22244220594,2123119266,+48 728 660 157,sylwiaputek@example.net
955,297,Kurczab,Gaja,52721702224,2974705517,577 925 813,jacekgolus@example.net
956,176,Księżyk,Paweł,48850337194,6500149038,503 823 991,cackoaleks@example.org
957,622,Śledzik,Maksymilian,94890967568,2613887648,724 421 263,fmatejczyk@example.net
958,561,Pacholczak,Marika,86817209256,1509855904,+48 507 474 089,parkitnyida@example.org
959,201,Wiencek,Jakub,81525139851,4975945775,+48 576 587 566,swachaolaf@example.org
960,146,Chomiuk,Melania,49981241600,1557317935,795 782 790,ludwiniakgabriel@example.net
961,699,Myrcik,Oskar,15665144591,9218383367,+48 786 749 289,borysdoroszkiewicz@example.com
962,234,Skierka,Arkadiusz,17255429032,7596914331,791 407 634,ydabrowicz@example.net
963,617,Majak,Nataniel,68707827979,2643395268,+48 728 561 860,malarczykmarianna@example.org
964,880,Górnisiewicz,Bartek,26514556770,5202524240,+48 735 871 082,marcelwodka@example.net
965,700,Wasążnik,Olaf,44957225392,4467101838,794 439 112,miloszstochel@example.net
966,699,Wiaderek,Maurycy,97828297135,4406396414,691 132 942,wojciech88@example.com
967,463,Ceynowa,Kalina,91479498176,5333862329,+48 884 291 873,lukasz76@example.net
968,773,Antoszczyk,Agnieszka,33835381444,7112187099,+48 725 291 979,lesiszgabriel@example.com
969,133,Kwarciak,Krystian,41182697401,2823332826,785 221 053,sengerolgierd@example.com
970,255,Wiraszka,Kajetan,41971945973,3584399979,+48 531 217 873,yobarzanek@example.com
971,618,Boś,Sonia,69834287515,9362506051,+48 792 803 171,rozalia36@example.net
972,594,Zarzeczna,Inga,37604754181,9830679803,880 630 402,ubzdziuch@example.net
973,980,Ryznar,Apolonia,25322348485,8833300686,+48 780 634 113,leonrolek@example.com
974,171,Kołpak,Dawid,75756989940,9514490495,664 980 502,amatulewicz@example.com
975,128,Maculewicz,Kalina,50994197784,4320030909,+48 798 301 596,wojciechrymarz@example.net
976,847,Gotfryd,Rozalia,62887935014,5179666889,503 157 498,dpatyna@example.com
977,843,Kościk,Robert,59983083361,7329252509,660 774 840,alanhuszcza@example.org
978,181,Kunert,Arkadiusz,18008795003,6977501715,32 833 13 97,niksaanna-maria@example.com
979,568,Kopytko,Inga,10111764030,7007051496,574 307 609,lbulanda@example.net
980,204,Kruś,Olgierd,70887392415,4538776684,737 291 374,apolonia48@example.com
981,791,Preuss,Piotr,10829899025,2422533926,503 853 655,anielapera@example.net
982,467,Kubieniec,Fabian,57291326627,6431348421,536 687 233,prochownikgustaw@example.org
983,740,Suda,Ewelina,46787839136,4053526183,+48 579 013 614,gdrwiega@example.net
984,971,Gieroń,Fabian,24633094827,2220269465,+48 662 986 382,przemyslawkansy@example.com
985,947,Boba,Tola,26743729062,2599721183,+48 799 253 432,maurycy69@example.org
986,926,Baszak,Eryk,50024048842,1002225246,739 588 211,gawlowiczaniela@example.com
987,506,Kulczak,Błażej,48248976776,9046708879,+48 780 990 877,arturchlebda@example.org
988,820,Jakubiuk,Kalina,32510716711,2594367517,699 003 417,uslowiak@example.org
989,698,Kazberuk,Blanka,65435098611,7045895056,+48 735 791 793,maurycymetel@example.com
990,906,Jodko,Jacek,79700225736,4613849302,+48 699 963 987,leonard10@example.net
991,270,Pałyga,Ida,12736701664,7892057713,32 896 66 65,michal26@example.org
992,707,Anioła,Fabian,93193820247,4940865419,+48 735 394 331,sroskosz@example.net
993,102,Białczyk,Anna Maria,75323079880,2979615342,+48 732 021 574,hnatmichal@example.org
994,239,Oleksik,Przemysław,51340778278,5650389050,+48 514 931 437,jobkornel@example.com
995,423,Ciesiółka,Kacper,26793384034,5518859537,697 666 490,adampysz@example.org
996,110,Mućka,Dagmara,48541944139,5567735374,575 095 147,wiznerkarina@example.net
997,842,Sulich,Dominik,62916035701,4723385966,729 385 780,michal30@example.net
998,212,Jakóbiak,Sara,87997976283,6091074526,669 711 505,kocwincyprian@example.net
999,386,Rybus,Jacek,53630605146,9055807118,539 322 215,marcelina03@example.org
