0,Glenc Sp. z o.o. Sp.k.,519 290 559,qzapior@example.org,863
1,PPUH Świerad,+48 797 175 027,rozalia40@example.com,914
2,Jonak-Saczuk S.A.,+48 605 894 268,albertbudner@example.net,146
3,Apanowicz-Skrobot Sp. z o.o. Sp.k.,+48 735 748 147,kajaslupik@example.com,144
4,Walencik-Śliz Sp. z o.o. Sp.k.,798 842 366,neugebauermariusz@example.net,119
5,Czermak-Capiga Sp. z o.o.,537 012 741,szkopekjeremi@example.org,345
6,Stowarzyszenie Lepa Sp.k.,+48 573 550 656,qkumorek@example.org,501
7,FPUH Smyl-Kłosiewicz s.c.,538 789 944,ljonczyk@example.org,368
8,FPUH Sobisz-Wężyk Sp. z o.o.,+48 780 719 235,maraszekmaksymilian@example.org,445
9,Szarejko s.c.,+48 32 855 38 81,taranekprzemyslaw@example.com,798
10,Rębiś-Oziębło Sp.k.,+48 605 391 726,krzysztof23@example.net,823
11,FPUH Latoszek-Woroch s.c.,501 846 058,sykalasandra@example.org,940
12,Gabinety Borysiuk-Szyndler Sp.k.,+48 575 396 485,hampelnikodem@example.net,699
13,PPUH Pela-Żołądź Sp. z o.o. Sp.k.,22 349 33 22,ksiekierka@example.net,566
14,Fundacja Tryc,881 076 831,alan03@example.com,313
15,Gabinety Matejczuk,+48 738 869 527,sandrakarpiel@example.com,248
16,Fundacja Uss-Mętel s.c.,+48 883 138 836,sandra09@example.net,170
17,Grupa Maciocha,+48 516 750 202,iborysewicz@example.com,302
18,Rok-Fogiel Sp. z o.o. Sp.k.,666 177 798,stanislaw93@example.org,560
19,Jędral-Wiertel S.A.,+48 22 828 60 79,downaraurelia@example.com,401
20,Suda S.A.,+48 792 079 535,sandra02@example.com,512
21,Stowarzyszenie Wiekiera-Guzdek S.A.,+48 578 283 329,dawidzeman@example.net,248
22,Stowarzyszenie Rajch-Linka i syn s.c.,+48 730 358 105,daniszblanka@example.net,612
23,Spółdzielnia Szymków s.c.,789 651 253,rwojtaszak@example.org,528
24,Stowarzyszenie Lenc-Kenig Sp.k.,735 455 985,cjop@example.org,283
25,Gabinety Szymanik,+48 789 428 401,wardziakadrian@example.org,629
26,PPUH Zander,+48 517 618 843,ernest47@example.net,509
27,FPUH Wojcik-Teper Sp.k.,795 463 801,hapkaurszula@example.com,571
28,Stowarzyszenie Wielgat-Mizak Sp.k.,+48 538 575 191,rjakobik@example.net,438
29,Fundacja Jama,+48 692 251 283,olejk@example.com,248
30,FPUH Jażdżyk S.A.,+48 721 545 212,sandrasroga@example.com,828
31,Spółdzielnia Pyziak Sp.j.,+48 669 555 314,mikolaj68@example.org,940
32,Grupa Winnik Sp. z o.o.,22 451 17 54,olga91@example.net,677
33,Spółdzielnia Bembenek-Sass Sp.j.,880 243 870,tolagwara@example.net,173
34,Spółdzielnia Szczepan-Rzeźniczak i syn s.c.,536 154 709,krystynapres@example.com,157
35,PPUH Konsek-Durlik Sp. z o.o. Sp.k.,669 715 853,sarosiekwojciech@example.com,914
36,Stowarzyszenie Wężyk-Tatarczuk S.A.,+48 32 364 44 15,hakkrzysztof@example.net,681
37,Fundacja Chodak-Aleksa i syn s.c.,+48 22 207 77 19,witoldwawrzynek@example.org,587
38,Grupa Bartman-Woroch Sp. z o.o. Sp.k.,+48 577 171 681,borys99@example.com,309
39,Capiga-Bisaga Sp. z o.o. Sp.k.,+48 572 095 057,ukocurek@example.net,671
40,Orwat Sp.j.,+48 732 042 989,makaleks@example.net,772
41,Stowarzyszenie Dziechciarz Sp. z o.o. Sp.k.,+48 514 455 731,grzegorzwawrzonek@example.org,745
42,Mrotek-Burzawa i syn s.c.,+48 885 336 910,tereszkiewiczkrystyna@example.net,792
43,Gabinety Szyda Sp.j.,32 382 05 05,kubowroksana@example.com,931
44,Fundacja Nicewicz Sp. z o.o. Sp.k.,+48 791 642 726,kraszkiewiczsonia@example.com,560
45,FPUH Skrobot,+48 731 587 442,bajakkajetan@example.net,481
46,Połetek Sp. z o.o.,+48 669 481 680,zdobron@example.org,284
47,FPUH Makulec Sp.j.,+48 519 036 481,mateuszhinca@example.com,573
48,Stowarzyszenie Korek Sp.k.,665 006 754,niksagaja@example.com,420
49,Niedźwiadek i syn s.c.,+48 22 993 02 55,rsiciarz@example.org,794
50,Gabinety Kopik,32 951 22 94,jerzy89@example.com,663
51,Gowin i syn s.c.,+48 607 510 155,dawidkoronkiewicz@example.net,886
52,Hinca-Janisz s.c.,+48 602 058 606,fojtkonrad@example.org,848
53,Spółdzielnia Kroll Sp.j.,796 252 940,dzienniakbruno@example.com,697
54,PPUH Hołota-Leszczuk i syn s.c.,660 323 503,saramajewicz@example.com,147
55,PPUH Kosiec i syn s.c.,+48 22 378 56 86,umiszkurka@example.com,522
56,Schubert-Rozumek s.c.,+48 880 363 426,kazimierzfura@example.com,248
57,Stowarzyszenie Matyka Sp. z o.o.,+48 517 960 802,wojciechtrzcionka@example.net,578
58,Patrzałek-Och i syn s.c.,+48 22 717 08 92,cbudniak@example.com,317
59,Spółdzielnia Stasica-Pik S.A.,+48 32 746 39 09,jklisz@example.org,858
60,Gabinety Drygas,603 128 605,dgozdur@example.org,418
61,Wawrzeńczyk-Hulbój Sp. z o.o.,661 887 079,fchwala@example.com,211
62,PPUH Ziarek,+48 882 683 651,gabrielmasiak@example.net,926
63,Godzik-Stanisławczyk S.A.,536 942 942,mariuszsaran@example.net,219
64,Grupa Wojtanowicz,+48 32 589 86 27,mataczmateusz@example.net,290
65,Bodek S.A.,782 852 946,sebastianhak@example.com,360
66,Poniedziałek s.c.,+48 601 459 406,piotr93@example.com,556
67,FPUH Flisek,+48 780 188 788,maciejciereszko@example.org,223
68,Zmuda-Hudzik i syn s.c.,731 583 035,tomaszskoneczna@example.net,635
69,Spółdzielnia Ceynowa-Skałka Sp.j.,+48 735 974 823,wegierksawery@example.org,740
70,Rosołek-Bartoszak Sp. z o.o.,782 951 964,rafalfranik@example.org,699
71,Spółdzielnia Maciocha,579 249 618,roza03@example.org,568
72,FPUH Pierchała-Flasza i syn s.c.,+48 691 190 244,duszczakklara@example.net,461
73,Fundacja Lula Sp.k.,794 769 519,nmalon@example.net,816
74,Fundacja Pusz Sp. z o.o.,501 943 962,fierekdawid@example.com,892
75,FPUH Koss Sp.j.,667 849 966,zmajtyka@example.net,621
76,Hanus-Gwara Sp. z o.o.,787 074 643,kubieniecwiktor@example.net,856
77,Leszcz-Zemanek S.A.,32 033 93 21,mariannahubert@example.com,828
78,Fundacja Żurawik,+48 608 112 904,hszyja@example.net,593
79,Zasępa-Kościesza Sp. z o.o.,661 875 861,xniescior@example.org,223
80,Stowarzyszenie Tołoczko Sp. z o.o.,737 096 962,artur42@example.net,497
81,Stowarzyszenie Tomalik Sp. z o.o.,508 009 887,kapinoseryk@example.org,196
82,Grupa Wośko,+48 533 757 361,olesiejukcezary@example.net,116
83,Szymała Sp. z o.o.,+48 889 576 616,tomasz55@example.net,357
84,Grupa Matela-Humeniuk i syn s.c.,+48 782 335 522,huszczaewelina@example.com,693
85,Teper S.A.,780 174 164,pindaaleks@example.org,740
86,Sprycha Sp.k.,512 440 647,robert01@example.org,982
87,Kurant-Pochroń S.A.,789 587 127,asommer@example.org,255
88,Spółdzielnia Kij,882 443 644,bluszczkajetan@example.com,522
89,Stowarzyszenie Słomian-Kohnke S.A.,+48 32 806 77 24,stempniakleon@example.com,222
90,FPUH Ksel-Ciastek s.c.,22 157 32 41,kkaczmar@example.org,372
91,Judek-Uroda Sp. z o.o. Sp.k.,+48 507 311 490,potegaiwo@example.net,358
92,PPUH Gleba-Rajch s.c.,+48 534 166 925,borysewiczroza@example.org,103
93,Fundacja Jędra-Cieloch Sp.k.,+48 723 496 258,klupsjerzy@example.com,185
94,Sędek Sp. z o.o. Sp.k.,+48 575 081 654,misiurekjuliusz@example.com,589
95,Siemion Sp. z o.o. Sp.k.,+48 576 199 513,gdrewicz@example.com,200
96,PPUH Walentynowicz,889 384 298,rutowiczstefan@example.com,452
97,Fundacja Maciuk S.A.,731 390 816,koczykornelia@example.org,141
98,Kohut-Kuster Sp. z o.o. Sp.k.,+48 607 349 463,antoni48@example.org,168
99,Naglik Sp. z o.o.,606 265 873,nicole60@example.com,160
100,PPUH Majorek s.c.,+48 723 893 362,apolonia07@example.com,638
101,Przeniosło Sp.j.,604 754 673,sebastianwziatek@example.com,693
102,Gabinety Jeszke Sp. z o.o.,600 032 959,wduc@example.net,889
103,FPUH Szymków,+48 724 697 075,swachawojciech@example.org,181
104,Waleczek-Syldatk Sp.k.,690 582 492,kuczaknicole@example.net,875
105,FPUH Salach-Kołsut Sp. z o.o. Sp.k.,+48 515 760 135,biankarompa@example.org,822
106,Sus-Czuj S.A.,579 421 362,cielochinga@example.org,737
107,Grodek S.A.,+48 511 491 233,juszczukanastazja@example.com,766
108,Stowarzyszenie Rzeźniczak-Waloszek Sp.j.,+48 604 955 262,ypakos@example.org,119
109,Gortat Sp. z o.o.,791 267 286,dominikbros@example.net,820
110,FPUH Duc-Jakiel Sp. z o.o.,784 232 270,ada22@example.org,507
111,Jeka S.A.,737 012 376,eindyka@example.net,491
112,Sobel Sp. z o.o. Sp.k.,605 399 027,pyszkawojciech@example.com,640
113,Perka Sp.j.,+48 22 028 22 32,rozalia05@example.net,361
114,Olesiejuk i syn s.c.,793 784 237,xhumeniuk@example.net,452
115,Madzia-Garncarek Sp. z o.o.,667 271 925,cwegrzyniak@example.net,774
116,Baka-Naumiuk Sp. z o.o. Sp.k.,+48 784 543 523,justynaladniak@example.net,109
117,Ryszkiewicz Sp. z o.o.,578 288 951,biankaroskosz@example.com,896
118,Gabinety Wandzel,884 151 639,kandzioradominik@example.com,834
119,Grupa Stryjek,503 189 900,matusaniela@example.net,278
120,Grupa Kiepura s.c.,606 710 672,esanetra@example.org,942
121,Fundacja Melka Sp.j.,733 833 238,gwinnik@example.com,846
122,Stowarzyszenie Piszcz,+48 515 941 474,ppazola@example.org,464
123,Kolonko Sp.j.,600 537 835,fgrzebyk@example.org,634
124,Grupa Osipiuk Sp.k.,32 727 32 93,oskarokraska@example.com,174
125,Madziar s.c.,790 423 704,ryszard87@example.org,879
126,Ellwart Sp.k.,605 604 461,ryszardcydzik@example.org,553
127,PPUH Megger S.A.,22 256 67 13,michal67@example.com,308
128,Cisoń Sp.j.,+48 32 187 09 22,apoloniaspychaj@example.net,359
129,Zawalich-Fornalik Sp. z o.o.,+48 722 304 754,dharaburda@example.org,758
130,Stowarzyszenie Andrejczuk-Krzyszczak s.c.,607 415 882,cukierjan@example.org,845
131,Fundacja Ufnal Sp.j.,732 147 329,kajasmal@example.com,500
132,Stowarzyszenie Laszkiewicz-Janiszek Sp. z o.o.,+48 519 610 810,zgebauer@example.org,797
133,Drobisz-Szabla Sp. z o.o.,531 904 882,fabian53@example.net,251
134,Sierżant-Tomaszuk Sp. z o.o. Sp.k.,573 863 089,emildanel@example.net,327
135,Grupa Kotlarek s.c.,+48 536 104 443,tobiaszbakalarczyk@example.org,191
136,Sosnówka-Korab Sp. z o.o.,+48 661 235 496,kdzienisz@example.org,297
137,Trepczyk Sp. z o.o. Sp.k.,22 014 32 36,walasikmelania@example.net,573
138,Zioła-Wojtarowicz S.A.,791 363 521,emil29@example.net,831
139,Grupa Kłósek,+48 513 033 668,lewkoprzemyslaw@example.com,898
140,Sot-Henke Sp.j.,603 419 280,jan66@example.net,103
141,Fundacja Kurzak,+48 722 454 737,grzegorz30@example.org,426
142,Buk-Pastuszek i syn s.c.,604 095 244,ddorobisz@example.org,938
143,Gabinety Fiołek,790 826 193,marikaolearczyk@example.com,343
144,FPUH Miotke Sp.k.,+48 32 666 68 86,mkuba@example.net,662
145,FPUH Janczarek-Feluś Sp. z o.o. Sp.k.,660 631 987,michal10@example.net,120
146,Gabinety Rolek-Chyb s.c.,533 406 133,ybicz@example.org,924
147,Stowarzyszenie Pera,+48 883 411 742,rozazagozdzon@example.org,303
148,Fundacja Leśko s.c.,791 868 339,artur15@example.com,450
149,Stowarzyszenie Pierzak-Pazdan Sp.k.,+48 32 274 66 85,ewaclaw@example.org,678
150,Gabinety Karpiel-Kudełka i syn s.c.,733 286 803,norbertzagrajek@example.com,195
151,FPUH Buszka Sp.j.,+48 22 014 42 60,apolonia59@example.net,265
152,Fundacja Grygo,+48 530 440 268,konstantywitaszek@example.com,885
153,Oleksik-Filiks Sp.j.,+48 698 227 700,leonard89@example.com,649
154,Pyś Sp. z o.o. Sp.k.,699 532 648,blockfabian@example.net,362
155,PPUH Pyszny S.A.,502 738 254,pokrzywakonrad@example.net,228
156,Patora-Pachołek S.A.,+48 609 068 356,walekkarina@example.com,804
157,Wąsiewicz-Tylka Sp.k.,+48 784 818 205,odemianczuk@example.net,270
158,FPUH Stempin Sp. z o.o. Sp.k.,578 612 228,fhanke@example.org,179
159,Gabinety Durlak,+48 786 270 934,vjereczek@example.com,272
160,FPUH Perlik-Bylina Sp.k.,+48 607 212 599,biankakolanko@example.net,792
161,Madera Sp. z o.o.,534 892 747,lampapawel@example.org,713
162,Capiga Sp.k.,786 505 868,sebastianmucko@example.com,152
163,Spółdzielnia Troć S.A.,+48 32 527 75 43,fsrokosz@example.net,550
164,Spółdzielnia Kosowicz-Witas Sp.j.,+48 515 313 821,juliusz31@example.org,130
165,Grupa Oleksak i syn s.c.,+48 22 667 11 74,plebanekeliza@example.net,252
166,FPUH Stanuch-Plona i syn s.c.,608 359 462,arturzagozdzon@example.org,610
167,Fundacja Ragus-Pancerz i syn s.c.,600 795 007,lwisz@example.net,633
168,FPUH Ostasz,885 090 948,adammecik@example.org,839
169,Spółdzielnia Kuran,32 459 73 74,lminkiewicz@example.net,760
170,PPUH Młodzik Sp.k.,571 829 902,mgoliszek@example.net,246
171,FPUH Ćwierz s.c.,+48 605 420 817,duczekoliwier@example.com,165
172,Podeszwa Sp.k.,+48 509 130 659,milosz74@example.net,410
173,Fundacja Teterycz Sp.j.,+48 889 458 707,leoniakmaciej@example.com,932
174,FPUH Pabis,516 706 815,kamil43@example.org,112
175,Buchalik-Fleszar Sp. z o.o.,573 651 050,blankalejman@example.org,379
176,Bartel S.A.,+48 664 029 283,radoslaw16@example.org,678
177,Fundacja Kuza Sp. z o.o. Sp.k.,+48 660 807 585,karolskocz@example.net,400
178,FPUH Ludwiniak S.A.,660 775 466,chojnaroksana@example.com,617
179,Grupa Wódka-Chlebek i syn s.c.,+48 519 342 755,igorsamson@example.net,943
180,Stowarzyszenie Drynda-Korta S.A.,+48 883 174 011,aurelia69@example.org,117
181,Malisz Sp. z o.o.,699 529 230,kiljansandra@example.net,364
182,Spółdzielnia Lampa-Oleksik S.A.,887 421 629,konstanty73@example.com,896
183,Grupa Sztuczka Sp. z o.o. Sp.k.,506 554 642,cezary27@example.net,513
184,Rochowiak Sp.k.,22 538 54 85,maksbareja@example.net,512
185,Grupa Czerwionka s.c.,571 081 977,mkierat@example.com,173
186,Gabinety Sierżant-Skowyra Sp. z o.o. Sp.k.,518 493 535,matyjaszekmelania@example.net,402
187,Gabinety Kaziród,+48 694 403 617,anastazja25@example.com,970
188,Garbacik-Hermanowicz Sp. z o.o. Sp.k.,+48 883 259 466,konraddariusz@example.org,468
189,Spółdzielnia Rycerz,+48 886 187 621,lwudarczyk@example.net,599
190,PPUH Masny,+48 519 768 374,ogamon@example.com,799
191,Migda-Mamcarz s.c.,884 810 191,ynijak@example.net,946
192,FPUH Pęksa i syn s.c.,794 414 191,egraban@example.com,417
193,Fundacja Łyczak-Kansy Sp. z o.o. Sp.k.,661 391 498,igor86@example.net,512
194,Przewoźna-Mikusek S.A.,32 088 77 94,lewiczolaf@example.com,466
195,Stowarzyszenie Prystupa Sp.k.,+48 22 260 60 65,cezary98@example.net,359
196,Gabinety Kieloch Sp. z o.o.,505 084 168,konstanty63@example.net,225
197,Grupa Molka,786 461 112,kajetanszwaja@example.org,883
198,Miąsik-Bogaczyk S.A.,+48 505 445 907,milosz61@example.net,777
199,Gąszczak-Wowra s.c.,782 350 435,nkniaz@example.net,126
200,FPUH Potaczek-Powałka s.c.,504 545 965,karkutmilosz@example.net,747
201,Matla-Pazik Sp.k.,505 350 001,milosz95@example.com,874
202,PPUH Nóżka-Łukowiak Sp. z o.o.,+48 793 373 118,skotarczakdawid@example.com,963
203,Kurtyka-Tokarek Sp.k.,22 994 72 78,sprawkanela@example.org,809
204,Matyjas-Kołaczyk Sp.j.,+48 784 074 749,eryk50@example.com,333
205,Flaga S.A.,+48 572 162 644,natancylwik@example.org,922
206,Kolanek-Rabiej s.c.,603 408 833,sgeca@example.org,416
207,Dąbroś Sp.k.,32 643 24 77,blankasygut@example.org,973
208,Spółdzielnia Kolman-Ograbek Sp. z o.o.,+48 577 096 196,jozef77@example.org,104
209,Banak-Maszota Sp. z o.o.,+48 517 382 737,rszmajda@example.net,538
210,PPUH Bździuch-Krzosek S.A.,+48 22 044 39 73,ewelina68@example.org,642
211,Stowarzyszenie Kobel s.c.,+48 32 836 69 31,zdub@example.org,892
212,Bodych-Kycia Sp. z o.o. Sp.k.,+48 799 679 104,pajekgrzegorz@example.net,993
213,FPUH Kobel-Maculewicz Sp. z o.o. Sp.k.,+48 574 326 509,zyzikjeremi@example.org,131
214,Fundacja Michnik Sp. z o.o.,+48 787 402 095,liwiamamcarz@example.net,555
215,Jop-Nyk Sp. z o.o. Sp.k.,+48 608 440 668,msiedlaczek@example.com,941
216,Kudłacik-Fiedorczuk s.c.,+48 506 426 937,abogdal@example.com,997
217,Grupa Włodyka,781 193 240,konradklemens@example.net,375
218,Spółdzielnia Smykała,505 948 837,dzienniakgustaw@example.net,989
219,Podsiadła-Dębniak Sp. z o.o. Sp.k.,32 412 38 08,dariuszwarych@example.com,222
220,Stowarzyszenie Szkup-Wojaczek Sp.k.,+48 516 283 306,aleks74@example.com,457
221,Grupa Grzelec,+48 729 122 267,dwylegala@example.net,151
222,Ulewicz-Dzierżak Sp.j.,+48 798 245 246,witankrystian@example.com,456
223,Pajek Sp.j.,22 875 32 06,maciuszekewelina@example.org,376
224,Baszak s.c.,721 552 416,adriannazal@example.com,476
225,Stowarzyszenie Jakóbik-Szczerbiak Sp.j.,+48 696 163 787,kijasfilip@example.org,455
226,Stowarzyszenie Martynowicz,538 365 525,ziarekoliwier@example.net,958
227,Zachwieja i syn s.c.,22 491 59 18,khak@example.org,180
228,PPUH Kazubek,660 496 370,dmaciejuk@example.org,661
229,Bawoł Sp. z o.o. Sp.k.,+48 570 966 757,izero@example.net,358
230,PPUH Gleba-Kocurek Sp. z o.o. Sp.k.,+48 660 314 216,mariusz84@example.org,599
231,Leonowicz S.A.,602 352 076,pgas@example.com,786
232,Stowarzyszenie Sadza-Bryndza S.A.,501 760 956,ydorawa@example.org,815
233,Stowarzyszenie Kononowicz,+48 539 447 701,kolarzfilip@example.com,985
234,PPUH Wawszczak-Gonsior Sp. z o.o. Sp.k.,+48 502 548 522,mieszko80@example.org,659
235,Toma-Świt Sp.j.,729 405 482,liwiakociemba@example.com,802
236,Stawowczyk-Gładka S.A.,503 898 388,ewelinagrochowina@example.net,228
237,Wiatrak-Podleśna Sp.k.,32 710 80 11,rafal73@example.com,129
238,FPUH Gowin Sp.k.,+48 571 449 513,adriannawittbrodt@example.com,545
239,Stowarzyszenie Spadło-Maraszek Sp. z o.o. Sp.k.,+48 607 357 317,azakiewicz@example.net,646
240,Myga-Piekara Sp. z o.o.,22 418 16 40,krystyna34@example.org,395
241,PPUH Długozima Sp.k.,+48 22 082 64 65,ngolus@example.net,483
242,Dybka-Prokopczyk i syn s.c.,+48 518 330 667,konradbudzyn@example.org,696
243,Stowarzyszenie Młotek-Nazar Sp.j.,+48 512 405 371,jan77@example.com,514
244,Gal Sp. z o.o. Sp.k.,738 675 985,jargieloliwia@example.com,639
245,PPUH Kiełbik,690 434 336,langakaja@example.net,902
246,PPUH Tywoniuk-Rozmiarek Sp.j.,+48 789 069 484,smalocha@example.org,271
247,Zasępa S.A.,+48 32 456 51 02,arturhermann@example.org,465
248,PPUH Prawdzik-Sierpień Sp.k.,882 515 181,jaceksmela@example.org,625
249,Peda S.A.,+48 511 541 629,bwalesa@example.org,707
250,Pazdan-Ambrozik i syn s.c.,881 796 846,halatgustaw@example.com,543
251,Dynak-Warchał S.A.,+48 517 260 153,praczykemil@example.org,160
252,Cyganik-Chorążewicz i syn s.c.,531 159 660,blazejrodzen@example.org,578
253,Fundacja Trzcionka,32 411 06 40,malyszekmarek@example.com,632
254,Stowarzyszenie Duniec,505 102 295,witonrafal@example.com,821
255,Grupa Uziębło,+48 887 683 217,dyczkomieszko@example.com,855
256,Sudak Sp. z o.o. Sp.k.,737 063 808,julita52@example.org,714
257,Maksimowicz-Dułak s.c.,507 494 376,lbzymek@example.com,428
258,Majos-Szkup S.A.,881 349 297,dominik21@example.com,368
259,FPUH Elwart,22 111 31 43,melania28@example.com,169
260,Preuss-Niklewicz S.A.,32 957 47 11,olukasz@example.com,727
261,Cogiel-Gwizdek s.c.,572 603 233,szokeryk@example.net,278
262,PPUH Michnik s.c.,+48 534 081 928,lapanowicz@example.com,493
263,Stowarzyszenie Warych,+48 789 627 747,smoterryszard@example.org,515
264,Pudełek-Szott i syn s.c.,783 701 955,apoloniaciesielka@example.com,421
265,Michalkiewicz Sp. z o.o. Sp.k.,+48 792 882 031,obrzek@example.net,989
266,FPUH Goworek i syn s.c.,792 096 549,duczmalkamil@example.net,734
267,Kulma Sp. z o.o. Sp.k.,+48 22 517 65 23,idakaczka@example.net,888
268,Orman-Kasiak Sp. z o.o. Sp.k.,+48 691 339 603,daniel06@example.org,639
269,Swatek-Sadoch s.c.,32 602 99 87,qkrzyzostaniak@example.org,514
270,Cygal-Kudłacz Sp. z o.o. Sp.k.,+48 723 626 233,dagmara82@example.com,320
271,Szlachcic Sp. z o.o.,+48 609 715 687,eliza63@example.com,749
272,PPUH Hejduk-Mrozowicz Sp.j.,+48 788 992 038,jan67@example.org,165
273,Wojtera Sp.k.,+48 799 791 919,borys69@example.com,808
274,Grupa Potyrała,735 565 504,antonibasa@example.org,138
275,Fundacja Rubaj Sp. z o.o. Sp.k.,+48 723 481 865,aleks96@example.com,509
276,Zbrożek Sp. z o.o.,+48 793 621 447,marika81@example.org,336
277,FPUH Konrad-Wacławczyk Sp.k.,+48 534 608 835,jerzy70@example.com,757
278,PPUH Dunal Sp.k.,+48 507 262 048,franciszek81@example.com,151
279,Siekierka-Grzelczyk S.A.,608 518 078,tomasz98@example.org,211
280,Grupa Sporek,787 829 641,ignacylapaj@example.net,194
281,Majsterek-Szarzec S.A.,32 326 65 58,tasarzagnieszka@example.com,267
282,Gawliczek-Dziczek Sp.k.,+48 602 704 497,tymoteuszczerniec@example.net,958
283,Ciuruś-Wasiuk Sp.k.,511 231 163,maurycymazanek@example.org,239
284,FPUH Podleśna-Miąsko s.c.,22 288 29 83,staniaszekadrianna@example.org,355
285,Gabinety Czajor-Paściak S.A.,723 946 794,jerzyburchard@example.net,526
286,Soczówka Sp. z o.o. Sp.k.,571 024 951,glazereryk@example.net,873
287,Gabinety Stosik,889 823 015,koltondamian@example.org,328
288,Stowarzyszenie Kalisiak,886 373 942,fklosowicz@example.net,870
289,Grupa Mirocha i syn s.c.,721 668 256,jozwikfryderyk@example.net,493
290,Kujawiak Sp. z o.o.,514 870 156,apoloniawydmuch@example.org,881
291,Fundacja Wietecha-Banachowicz i syn s.c.,574 470 878,fabianprokopczuk@example.com,785
292,Ostapczuk s.c.,603 956 346,ukiljan@example.org,711
293,Grupa Szkoda,669 028 980,michal90@example.com,296
294,Bodek Sp. z o.o.,669 900 860,fabianwoloszczuk@example.com,107
295,Obst-Kuster Sp. z o.o. Sp.k.,+48 601 166 392,csamol@example.net,494
296,Poczta-Sip Sp. z o.o.,+48 32 572 79 95,mataczkazimierz@example.com,163
297,Grupa Nalewajek,+48 32 940 15 59,przemyslawniewiara@example.net,744
298,Fundacja Bazylewicz,783 277 693,pgraj@example.org,140
299,PPUH Kręcisz,883 033 585,quzieblo@example.org,506
300,Gabinety Niklewicz i syn s.c.,+48 501 190 198,maks29@example.net,839
301,Solnica-Dyda Sp. z o.o. Sp.k.,+48 884 063 390,maksymilian91@example.org,815
302,PPUH Kacperek-Karwot Sp. z o.o.,508 917 352,szczepaniecsandra@example.net,990
303,Ruszel-Stiller S.A.,794 869 773,adrian28@example.com,844
304,Drygas Sp. z o.o. Sp.k.,+48 668 310 754,dawid08@example.net,896
305,Fundacja Dawidczyk-Mojsa Sp. z o.o. Sp.k.,576 273 812,mariuszsiemienczuk@example.com,370
306,PPUH Kłosiewicz-Kornet Sp.k.,+48 780 938 971,xlada@example.com,439
307,Spółdzielnia Pietrus S.A.,32 477 01 35,krystynawawrzyk@example.org,345
308,Noszczyk-Rezmer s.c.,22 993 44 22,anna-mariacholody@example.org,472
309,Fundacja Spychaj i syn s.c.,572 667 652,buchholzmarika@example.org,256
310,FPUH Cuch S.A.,+48 32 788 48 12,krzysztofjosko@example.org,952
311,Usarek-Choroś Sp. z o.o. Sp.k.,+48 515 120 643,miechowiczjacek@example.org,247
312,Fundacja Korpal,+48 32 952 91 58,ryszard00@example.net,972
313,FPUH Cop,+48 535 414 356,leonard08@example.net,674
314,Cimoch Sp. z o.o.,+48 505 764 720,rozaliaszumna@example.net,792
315,PPUH Niksa Sp.k.,539 165 815,korekmaksymilian@example.com,568
316,Stanisławek s.c.,538 053 219,szumacherkonstanty@example.net,561
317,Spółdzielnia Domińczak Sp. z o.o.,723 715 048,chromyewa@example.com,418
318,Spółdzielnia Naczk Sp.j.,720 897 654,kmorcinek@example.com,660
319,Stowarzyszenie Jamrożek-Oskroba Sp.k.,+48 786 564 206,bobakmikolaj@example.net,369
320,Matula Sp. z o.o. Sp.k.,+48 576 458 524,rudolfolga@example.net,329
321,FPUH Dumała s.c.,513 698 281,kajaprystupa@example.com,157
322,Gabinety Marcol-Zaguła Sp.j.,+48 784 323 517,filip75@example.net,940
323,Gładka s.c.,+48 571 139 613,gaja69@example.com,804
324,Grupa Preś,725 387 819,przemyslawtarach@example.net,374
325,Spółdzielnia Wawrzynkiewicz-Chodak s.c.,884 322 652,esygut@example.com,370
326,Fundacja Paleń-Gros Sp.k.,517 577 362,barlogmarcel@example.org,147
327,Szymanik i syn s.c.,888 051 827,leonard85@example.net,800
328,Kuncewicz-Raba Sp.k.,666 205 003,lzawodnik@example.com,790
329,Fundacja Glaza,+48 32 699 45 39,tolajachimczak@example.org,905
330,Fundacja Hajdukiewicz,515 752 039,dydomaciej@example.com,576
331,Kuk-Fronia S.A.,+48 697 290 213,malwinagrzesiek@example.org,149
332,Sąsiadek i syn s.c.,784 529 311,przemyslawdyczko@example.com,438
333,Grupa Kojder Sp.k.,889 186 087,fkasper@example.com,531
334,Fundacja Kanik,+48 572 876 680,swarczak@example.org,508
335,Gabinety Myrcik-Danel s.c.,722 400 525,xkamyk@example.org,501
336,PPUH Plich-Zawalich Sp.j.,22 057 40 18,monika27@example.com,885
337,Karkut Sp. z o.o. Sp.k.,+48 724 256 001,apoloniajarema@example.org,555
338,Stowarzyszenie Rzeszutko,+48 798 050 125,gwardziak@example.org,268
339,Grupa Józefczak Sp. z o.o. Sp.k.,602 431 016,wgumienny@example.org,722
340,Macha-Swacha Sp.k.,+48 518 957 253,dlyskawa@example.net,487
341,PPUH Kożuszek-Sowała Sp. z o.o. Sp.k.,+48 572 706 623,tzbik@example.org,660
342,PPUH Burczak Sp. z o.o. Sp.k.,664 019 972,cyprian82@example.org,237
343,FPUH Jędrusiak,+48 22 135 21 57,ipiechna@example.com,762
344,Spółdzielnia Gierasimiuk-Stempel i syn s.c.,+48 738 218 926,tymoteusz00@example.com,417
345,Zapadka-Labudda S.A.,+48 792 655 010,klara04@example.net,822
346,Kierepka-Warzybok s.c.,32 454 61 17,melania34@example.com,938
347,Fundacja Horbacz-Hewelt s.c.,+48 720 862 055,stefangodzik@example.net,236
348,Grupa Burzawa Sp. z o.o.,508 248 568,vtruchan@example.org,200
349,PPUH Łęgowik,32 988 54 59,aelias@example.com,814
350,Grupa Kuza,+48 668 533 411,hbudrewicz@example.org,937
351,Maciejuk-Janisz Sp. z o.o. Sp.k.,+48 737 803 598,abranka@example.com,689
352,Gabinety Zimniak-Pryk s.c.,+48 538 337 756,grzelczykmateusz@example.com,838
353,Szachniewicz-Milewczyk Sp.k.,+48 516 564 340,sonia08@example.com,710
354,Brzeźniak i syn s.c.,607 175 756,bbus@example.org,102
355,Stowarzyszenie Morek Sp. z o.o. Sp.k.,660 357 646,ada52@example.org,894
356,Gabinety Hartman,788 490 928,mariuszseidel@example.com,548
357,Fundacja Roszkiewicz Sp.j.,887 977 832,bpastuszko@example.net,530
358,Kubieniec-Lada S.A.,786 883 175,jenekkornel@example.net,449
359,Behrendt i syn s.c.,696 287 165,ksawerystryjek@example.org,172
360,Grupa Wołoszyk Sp. z o.o. Sp.k.,532 634 592,agnieszka72@example.org,400
361,Spółdzielnia Janczura-Gasz i syn s.c.,791 530 557,tymon30@example.net,967
362,Gabinety Lelito-Raźniak Sp. z o.o.,+48 669 369 344,dariusz66@example.org,308
363,Pyrkosz s.c.,+48 573 950 077,krystalukasz@example.com,481
364,Gabinety Poczta,+48 579 196 237,labusliwia@example.net,172
365,Madura Sp. z o.o. Sp.k.,22 909 97 02,herbutkrzysztof@example.com,734
366,Boguś-Orszulik S.A.,+48 22 527 24 80,blazejsprawka@example.com,200
367,Rduch-Filak s.c.,693 939 029,flagafryderyk@example.com,861
368,Smagacz s.c.,698 270 089,malwinamiodek@example.net,856
369,Grupa Tasarz,+48 511 408 275,bulakgrzegorz@example.org,520
370,Długozima-Dziełak Sp. z o.o.,+48 504 479 258,olaf09@example.net,441
371,Fundacja Bekus Sp. z o.o. Sp.k.,571 299 235,wdomka@example.net,756
372,FPUH Obst,+48 574 799 891,katanajulita@example.org,574
373,Gabinety Lelito i syn s.c.,+48 738 130 809,dampskornel@example.com,468
374,Spółdzielnia Goś i syn s.c.,539 481 820,skwirabianka@example.net,203
375,Grupa Wiaderek Sp.j.,+48 693 315 417,bciesiolka@example.org,757
376,Spółdzielnia Ciołczyk,32 084 39 29,dgraban@example.net,794
377,PPUH Lamch,723 399 474,pogorzelecolaf@example.org,735
378,Amanowicz Sp.k.,+48 22 550 00 50,zwielgos@example.net,349
379,Grupa Wysota,512 916 112,jbartoszak@example.com,171
380,Stowarzyszenie Steciuk,510 986 346,cyprian80@example.org,455
381,Smal-Niksa Sp.k.,667 528 555,gustaw44@example.net,851
382,Spółdzielnia Pitala i syn s.c.,605 641 538,ddomon@example.net,588
383,FPUH Golak S.A.,699 998 862,sdzwonnik@example.net,821
384,Maraszek-Bembenek Sp.k.,22 768 32 11,manistamonika@example.org,155
385,Rycerz S.A.,+48 881 789 693,maciej52@example.com,801
386,Fundacja Mudlaff Sp.k.,532 229 745,husbianka@example.net,801
387,FPUH Godzwon Sp. z o.o. Sp.k.,+48 795 509 368,swiadekrozalia@example.net,965
388,Wawrzeńczyk-Jędrusiak Sp.k.,22 475 02 90,kubowanita@example.net,433
389,Jachimczyk Sp. z o.o.,+48 699 627 778,aleksander61@example.com,433
390,Spółdzielnia Drost s.c.,604 539 572,piotrpielka@example.net,127
391,PPUH Han Sp. z o.o.,+48 515 867 611,nicole47@example.net,504
392,PPUH Wszoła Sp. z o.o.,605 601 422,wmalocha@example.org,904
393,Gawłowicz-Giers i syn s.c.,+48 733 085 390,grzegorzkuba@example.net,755
394,PPUH Jenek Sp. z o.o.,691 866 655,wojciech08@example.com,980
395,Matus Sp. z o.o.,+48 724 072 527,kajetan39@example.net,148
396,PPUH Hanc,+48 602 620 681,nszmelter@example.net,448
397,Gabinety Prasek-Pacocha Sp. z o.o.,+48 609 025 875,krystyna15@example.org,123
398,Kyc Sp.k.,+48 509 719 184,tbutrym@example.org,192
399,Grupa Małż-Tomalak s.c.,501 673 162,liwia70@example.net,171
400,Stowarzyszenie Wowra,+48 32 222 34 76,dbandyk@example.com,254
401,Stowarzyszenie Pronobis-Wandzel Sp. z o.o. Sp.k.,517 079 098,karol73@example.org,990
402,Budniak Sp.k.,574 812 030,marianna47@example.net,802
403,Gabinety Kluczyk-Skubała S.A.,+48 603 805 631,julitachlad@example.com,827
404,Gabinety Prawdzik,22 010 80 06,rzuziak@example.com,837
405,Stowarzyszenie Łabaj-Gill Sp. z o.o. Sp.k.,+48 725 119 707,roksana63@example.org,465
406,Cetera-Matejuk s.c.,+48 500 123 406,janina06@example.org,906
407,Spółdzielnia Łuczkiewicz,880 652 101,jacekkrauz@example.org,921
408,Stowarzyszenie Merchel,+48 729 921 160,jzadworny@example.net,225
409,Gabinety Sot-Golda Sp.j.,+48 781 495 948,adriannakokosza@example.com,476
410,Stowarzyszenie Wieja s.c.,720 413 030,tpreuss@example.com,668
411,Gabinety Sobuś-Mosiołek s.c.,666 583 614,froszkiewicz@example.org,438
412,Stowarzyszenie Gołota,32 076 64 36,chalimoniuktymoteusz@example.org,955
413,Grupa Strzała Sp.k.,539 177 758,koziejajustyna@example.net,341
414,Mordal-Smolorz Sp. z o.o. Sp.k.,+48 661 404 039,kacper00@example.com,890
415,Witos-Filus i syn s.c.,+48 532 138 651,bartoszaklidia@example.net,756
416,FPUH Smykla Sp.j.,+48 32 685 50 17,iwomielke@example.org,460
417,Spółdzielnia Wasiewicz,796 101 558,kazimierzpilich@example.com,774
418,Łuczka S.A.,+48 722 955 345,rozaliaczosnyka@example.net,763
419,PPUH Miśko,32 996 73 67,ukazirod@example.org,898
420,Stowarzyszenie Mol-Gajowiak Sp.j.,+48 739 587 994,xosial@example.net,289
421,Bembenek-Szczepan i syn s.c.,724 210 957,anielastypka@example.net,549
422,Gabinety Gral,600 242 947,malwina11@example.net,571
423,Spółdzielnia Oleśkiewicz,609 303 664,pzbrzezniak@example.net,624
424,Przystupa s.c.,+48 889 243 107,radoslawskowyra@example.net,890
425,Żuberek Sp. z o.o.,+48 728 575 888,nicolekwoka@example.org,662
426,Korzeniak Sp. z o.o.,+48 519 922 352,rpanicz@example.org,653
427,Gabinety Lepa,+48 728 699 143,nicolecyman@example.com,292
428,PPUH Gamoń,32 972 36 06,rafaltatarczyk@example.org,398
429,Kupaj S.A.,780 072 701,odukat@example.org,621
430,Stowarzyszenie Pryk-Serwach Sp. z o.o.,720 149 873,hstasko@example.org,753
431,Szemraj Sp.k.,727 267 721,kalinalorenz@example.com,366
432,PPUH Kośka-Capała i syn s.c.,+48 601 390 953,ypietrusiak@example.com,926
433,PPUH Radke,+48 729 555 284,askup@example.org,121
434,Stowarzyszenie Węgrzynek s.c.,+48 736 197 216,liciek@example.net,150
435,PPUH Czulak,514 336 658,pbulanda@example.com,915
436,Spółdzielnia Kala-Rzeszut Sp.j.,+48 667 232 782,cyrondaniel@example.net,447
437,Fogiel-Majnusz s.c.,+48 884 283 428,vtrzmiel@example.org,563
438,Fundacja Dawiec,533 457 784,waniektymon@example.net,411
439,PPUH Ćmiel Sp.k.,+48 727 864 591,anita36@example.net,979
440,Fundacja Fijak-Działo Sp.j.,602 285 358,podsiadlamaurycy@example.org,782
441,Stefanik Sp.k.,664 581 383,maurycy39@example.net,874
442,Prystupa-Mędrala S.A.,788 245 126,juliannajezior@example.org,360
443,Fundacja Patoka,+48 795 068 474,maksymilian44@example.com,113
444,FPUH Kuster Sp.k.,+48 691 832 848,muzykbianka@example.com,513
445,Grupa Wac,+48 508 702 512,mikolajwowra@example.com,358
446,Spółdzielnia Siemieniec-Grabas Sp. z o.o.,789 904 949,vlapacz@example.com,318
447,Zysk-Wiak Sp. z o.o.,+48 798 132 985,ltomal@example.com,888
448,Spółdzielnia Siemieńczuk-Hinca S.A.,+48 573 480 792,wojciech55@example.com,738
449,Stowarzyszenie Cymer,727 689 122,rumanmariusz@example.net,800
450,Stowarzyszenie Kruzel-Jachimczyk Sp. z o.o. Sp.k.,+48 785 950 913,karolgierat@example.net,528
451,Grupa Smagacz Sp.k.,695 045 014,tymon87@example.net,325
452,Spółdzielnia Jaśkowiec,729 409 584,qwalusiak@example.org,706
453,Dziewa Sp.k.,+48 884 572 858,klara04@example.net,737
454,Sznura-Kutnik S.A.,+48 609 054 554,flisekolaf@example.org,678
455,FPUH Zadka-Sobiło S.A.,+48 697 814 669,olaf58@example.net,630
456,Kopik-Krzyśko Sp.k.,662 829 954,jacek11@example.com,829
457,Przewłoka-Lempart Sp. z o.o. Sp.k.,+48 22 884 11 34,rozaliadzienniak@example.org,976
458,Kik Sp.j.,32 541 98 45,szymonkossak@example.org,385
459,Gabinety Leonowicz,+48 32 166 93 69,zbacia@example.net,190
460,Spółdzielnia Łobacz-Swacha S.A.,601 517 534,qpryk@example.com,915
461,Hrabia-Gadzina i syn s.c.,+48 788 092 452,kacpermleczek@example.net,288
462,PPUH Czupryna,+48 32 305 27 97,melaniasterna@example.net,867
463,Gabinety Pietrus-Drobniak Sp.k.,690 087 033,lmoron@example.net,994
464,Spółdzielnia Soroko-Tylus s.c.,+48 736 347 359,trykaradoslaw@example.org,725
465,Żywica-Baszak i syn s.c.,32 874 48 45,maksymilian31@example.org,853
466,Guziak-Zmuda Sp.j.,667 709 776,hasiakaleksander@example.org,523
467,Spółdzielnia Osik,+48 723 167 237,sandratryka@example.org,622
468,Pilarek-Wiech i syn s.c.,+48 731 947 731,nikodembecker@example.net,537
469,Żelazek-Dukat s.c.,+48 601 769 204,alexmaly@example.net,642
470,Fundacja Bogdał-Klęk Sp. z o.o. Sp.k.,783 905 303,hamerajacek@example.net,213
471,Stowarzyszenie Cłapa,+48 574 844 749,eteter@example.net,291
472,Klęczar Sp. z o.o.,795 193 070,penarszymon@example.com,482
473,Fundacja Żelazo Sp. z o.o.,+48 799 666 578,ewelina36@example.net,314
474,PPUH Tałaj Sp.j.,+48 514 755 986,nicolemironiuk@example.org,101
475,Chaberek Sp.k.,+48 795 307 242,jedrzejsaj@example.com,615
476,FPUH Broniek-Piekara Sp.k.,+48 32 888 30 79,michal71@example.com,784
477,Fundacja Młocek Sp. z o.o. Sp.k.,537 065 098,maciej79@example.net,702
478,PPUH Lemke,+48 513 019 366,pkosiec@example.org,843
479,FPUH Trepka Sp. z o.o. Sp.k.,519 486 212,kupajrafal@example.org,395
480,Majak Sp. z o.o.,669 090 057,igor61@example.org,272
481,Petryk S.A.,788 483 513,oliwierbujas@example.net,249
482,FPUH Kudela-Kałwa i syn s.c.,+48 573 770 543,tomaszkrochmal@example.org,626
483,Fundacja Jeszka-Szczot s.c.,668 211 237,vflorian@example.com,512
484,Fundacja Tymczyszyn,+48 517 341 981,przemyslaw42@example.com,640
485,Spółdzielnia Chmielak,519 594 231,dorota17@example.org,112
486,Grupa Kamela-Barszczak s.c.,539 753 613,adam46@example.net,958
487,Kielich-Deszcz Sp.k.,+48 509 275 621,krzysztof24@example.org,734
488,Perka-Para Sp.j.,22 842 12 48,vpyrkosz@example.net,628
489,Kudełka-Kołsut Sp.j.,+48 515 446 364,konstanty93@example.org,218
490,Malisz Sp.k.,+48 572 136 742,laskusjeremi@example.org,794
491,PPUH Sasak,+48 601 289 772,patryk30@example.org,689
492,Spółdzielnia Groborz i syn s.c.,+48 691 200 470,rkorda@example.org,885
493,Gosik i syn s.c.,579 433 194,rabamarianna@example.org,251
494,Fąferek-Walo S.A.,+48 734 215 652,dsyldatk@example.com,189
495,PPUH Witaszek Sp. z o.o.,+48 579 156 181,ipatalas@example.org,249
496,Stowarzyszenie Pasich,+48 531 590 701,ryszardhubert@example.org,896
497,Gonsior Sp.k.,+48 579 217 310,ymatejczuk@example.org,585
498,Stowarzyszenie Kala,734 463 033,kokoszamarek@example.org,613
499,Stowarzyszenie Gryta-Gajowiak Sp. z o.o. Sp.k.,533 754 108,dawid62@example.org,206
500,FPUH Klyszcz-Matejczyk i syn s.c.,+48 725 546 709,malonanna-maria@example.net,219
501,Gasz Sp.j.,+48 662 721 287,borysfidor@example.net,785
502,Fidler-Karol Sp.k.,608 593 606,nmolak@example.net,516
503,Masny Sp. z o.o.,+48 882 315 678,jeremimatyjaszek@example.com,832
504,Sadoch-Szramka Sp.k.,602 492 624,adam35@example.net,333
505,FPUH Przewoźna,733 237 807,jedrakkamil@example.com,102
506,Harasimiuk-Dzienniak S.A.,574 242 113,wasylukjanina@example.org,229
507,Grupa Szałata,+48 507 223 649,kajetan22@example.net,161
508,Obuchowicz-Pyszny Sp. z o.o.,+48 697 701 402,bgrygorcewicz@example.org,672
509,Szajner-Myszor Sp.j.,+48 662 390 868,dorota74@example.org,943
510,Gabinety Płodzień,723 425 849,kapralapolonia@example.org,302
511,Gabrych-Suchta s.c.,793 195 558,korekksawery@example.org,758
512,FPUH Fura Sp. z o.o. Sp.k.,+48 721 798 286,maciej28@example.net,877
513,Grupa Sklorz,+48 782 528 992,pestakornelia@example.org,982
514,Waleczek-Namysł i syn s.c.,+48 516 227 737,pedrakgustaw@example.com,857
515,PPUH Gmurczyk-Wołk Sp.j.,665 124 257,frysmateusz@example.com,156
516,Poniedziałek-Nieroda S.A.,+48 512 682 997,ygrzenia@example.org,714
517,Stowarzyszenie Wołkowicz Sp. z o.o. Sp.k.,+48 32 718 15 48,stefanopalach@example.com,674
518,Ciak Sp.j.,888 939 920,fabian07@example.com,580
519,Spółdzielnia Mirgos Sp.k.,+48 509 751 192,xgromala@example.net,959
520,Spółdzielnia Nowrot-Kandziora S.A.,602 846 947,kmleczek@example.org,375
521,Majzner-Magryta Sp.k.,+48 883 985 379,dwrzesniak@example.com,680
522,Gabinety Kacperczyk-Nurkiewicz s.c.,+48 519 457 511,dariusz84@example.net,981
523,Stowarzyszenie Garbaciak s.c.,697 532 470,zroch@example.net,504
524,Pytko-Pietrusiak Sp.k.,695 212 070,kmizgala@example.org,177
525,PPUH Żybura,+48 538 489 364,liwia89@example.org,468
526,Gabinety Szczerek,720 091 007,kaja03@example.org,523
527,Spółdzielnia Macias Sp. z o.o. Sp.k.,22 350 80 07,mmikusek@example.com,625
528,Fundacja Makaruk-Kapustka S.A.,604 025 874,grzegorztomalik@example.com,971
529,PPUH Ładziak,788 168 740,olgierdsiebert@example.net,300
530,Harasimiuk S.A.,+48 725 141 741,kaja32@example.com,543
531,Grupa Śleziak,22 511 00 92,morysaleks@example.org,561
532,FPUH Barcz-Szczudło S.A.,+48 798 668 384,pslipek@example.com,735
533,Gabinety Bobel Sp.k.,735 363 921,kplich@example.org,881
534,Koziatek s.c.,+48 510 599 025,ukosidlo@example.com,423
535,Posłuszny Sp.k.,+48 502 383 368,gradeksara@example.com,125
536,Spółdzielnia Wichłacz-Golisz S.A.,+48 32 949 11 76,maksymilianzolnierczyk@example.net,402
537,Gabinety Pacia Sp. z o.o.,732 552 345,irolak@example.org,840
538,FPUH Downar i syn s.c.,537 039 649,julitamaculewicz@example.org,756
539,Stowarzyszenie Wnuczek,503 064 214,jproch@example.net,273
540,Stowarzyszenie Głuszko-Lampa Sp. z o.o.,+48 22 379 90 78,wiktor45@example.org,718
541,Kielan-Trzos Sp. z o.o.,699 142 861,monika99@example.org,201
542,Stowarzyszenie Sąsiadek Sp. z o.o. Sp.k.,22 854 89 05,fabianciapa@example.org,742
543,FPUH Materek,+48 22 848 05 33,pasciakstanislaw@example.org,385
544,Hamrol-Toborek Sp.j.,+48 32 551 16 47,kajetangranat@example.net,766
545,Grupa Witan s.c.,32 755 32 34,leon78@example.org,883
546,Antoszczyk-Szyguła s.c.,+48 600 397 026,palygasylwia@example.org,824
547,Kurzak-Plebanek Sp.j.,794 748 190,koterbatadeusz@example.org,577
548,Fundacja Zieniewicz-Gieroń s.c.,+48 695 170 425,rudzikblazej@example.net,210
549,Gabinety Żołnierczyk,+48 797 972 980,roza62@example.net,273
550,PPUH Pieczyrak,+48 883 860 561,albert35@example.net,952
551,Spółdzielnia Rapa-Indyk s.c.,+48 32 909 87 16,przybysbartek@example.com,819
552,Stowarzyszenie Wąsek-Borejko Sp. z o.o.,32 437 85 99,olasgustaw@example.org,511
553,Hirsch S.A.,+48 571 539 941,kajetan75@example.com,316
554,FPUH Kryszczuk-Kuchciak Sp. z o.o.,+48 572 286 183,malcharekgaja@example.com,992
555,Fundacja Krzosek i syn s.c.,884 054 072,vpajdak@example.org,241
556,Galik-Osiadacz i syn s.c.,536 253 725,janwawrzenczyk@example.net,427
557,FPUH Kuryś s.c.,661 011 600,janbeska@example.com,156
558,PPUH Wojtyś,798 176 235,qbielen@example.org,163
559,Fundacja Maron-Mzyk Sp. z o.o. Sp.k.,732 039 027,natasza55@example.net,732
560,Rejniak Sp.j.,+48 519 824 950,kazimierz20@example.com,774
561,Stowarzyszenie Hinca,+48 608 033 309,gschubert@example.net,226
562,Stowarzyszenie Wilkos i syn s.c.,887 295 550,jeremi42@example.net,569
563,Malon Sp.k.,+48 797 512 946,apolonia06@example.org,637
564,Graboś Sp. z o.o.,697 746 544,konradkazimierczuk@example.org,196
565,Wykręt Sp. z o.o. Sp.k.,+48 728 783 691,bartoszakjacek@example.net,130
566,Parada Sp. z o.o. Sp.k.,886 361 027,licabruno@example.net,956
567,Mizia-Tylek Sp.k.,664 599 339,nataniel61@example.com,941
568,Jamrożek i syn s.c.,+48 602 972 103,xlatoszek@example.org,236
569,FPUH Maleszka-Orpel i syn s.c.,665 094 902,mieszkofrost@example.org,899
570,Cader-Pielech Sp. z o.o. Sp.k.,+48 511 664 172,nkandziora@example.net,212
571,Fundacja Romejko-Kawiak s.c.,516 270 039,zwojczuk@example.org,912
572,Grupa Hojda-Gamrat Sp. z o.o. Sp.k.,32 147 16 08,jszymanczak@example.org,150
573,Jośko S.A.,602 197 054,robertprocek@example.org,889
574,Szymonik Sp.k.,+48 530 237 567,fkolek@example.org,221
575,Fundacja Słonka Sp. z o.o. Sp.k.,+48 720 857 072,marcelina95@example.net,895
576,Spółdzielnia Cłapa S.A.,881 905 311,tymoteuszjaszcz@example.net,616
577,Słysz S.A.,+48 32 189 77 42,kaja91@example.net,332
578,Hadaś i syn s.c.,509 165 025,rnatanek@example.net,326
579,Wawrzynowicz Sp.k.,604 748 321,sylwia25@example.com,508
580,Pawełkiewicz s.c.,+48 32 909 74 74,bteterycz@example.net,952
581,PPUH Piguła S.A.,606 920 496,gustawproch@example.com,476
582,Gadzała-Kaziród Sp.j.,+48 539 902 944,ingamaculewicz@example.net,781
583,Grupa Wietecha-Mudlaff Sp.j.,783 786 041,ostafinstanislaw@example.com,289
584,Gabinety Peciak Sp. z o.o. Sp.k.,+48 22 089 41 58,tymoteuszcywka@example.org,249
585,Klinger-Rolek s.c.,661 167 033,spolnikjozef@example.org,279
586,Deluga s.c.,+48 693 280 976,blankaromankiewicz@example.org,172
587,Twardosz-Dziduch s.c.,723 247 075,kalinakochman@example.net,995
588,Kalista-Nagórka Sp. z o.o. Sp.k.,663 174 728,aleks72@example.org,748
589,Drewicz Sp. z o.o.,+48 531 797 845,nowekrobert@example.com,763
590,Fedak Sp.j.,+48 537 920 273,leonzadworny@example.net,189
591,Gabinety Wołoch S.A.,+48 727 128 215,wiktor76@example.org,841
592,Stowarzyszenie Andziak-Gierek i syn s.c.,+48 796 741 090,danielsteciuk@example.com,494
593,Beck i syn s.c.,+48 738 461 760,rozalia29@example.com,424
594,Pawełkiewicz Sp.k.,+48 696 065 539,mieszkodziuda@example.org,682
595,Spółdzielnia Suda,535 994 209,marcelina28@example.net,359
596,Fundacja Kapałka Sp.j.,+48 791 730 980,galachkrzysztof@example.org,429
597,Gabinety Duszczak,736 236 170,julian51@example.org,386
598,Grupa Łasica-Biegała Sp. z o.o.,784 338 616,damianszumny@example.com,344
599,Ornat Sp. z o.o. Sp.k.,+48 22 312 63 51,bgradziel@example.com,539
600,Fundacja Sygut Sp. z o.o.,+48 699 091 055,soniaboduch@example.org,624
601,PPUH Moryc s.c.,+48 500 256 079,iwac@example.net,562
602,Latuszek i syn s.c.,793 845 532,kuciakkrystyna@example.net,992
603,Gabinety Głowiak,+48 600 958 655,leszkiewiczoskar@example.org,493
604,Gabinety Bąbel Sp.j.,+48 530 667 983,sandramik@example.com,575
605,Kaczmarkiewicz-Pałgan Sp. z o.o.,+48 32 520 72 33,janczarekblazej@example.net,698
606,Rozum-Jarczyk Sp.j.,784 668 351,kpiotrkowicz@example.com,894
607,Gabinety Hallmann-Bazylewicz Sp.k.,+48 784 792 868,cezarykuziora@example.net,648
608,Wojniak-Szykuła S.A.,+48 735 095 841,kjuszczuk@example.org,580
609,Miszta Sp. z o.o.,+48 570 400 589,pbitner@example.com,770
610,Suchora Sp.j.,733 416 661,karina05@example.net,900
611,FPUH Ropiak Sp.k.,519 131 965,hajdaszmikolaj@example.com,853
612,Stowarzyszenie Cukier-Żok i syn s.c.,600 171 489,stefanmaszota@example.org,952
613,Hałat Sp. z o.o.,+48 795 683 321,hgodyn@example.org,252
614,Rosada-Frycz Sp.j.,695 441 243,ksawerylitwiniuk@example.com,637
615,Aleksandrzak-Żabka s.c.,+48 32 041 46 42,hcyganik@example.com,772
616,Gabinety Cudzich i syn s.c.,+48 511 576 937,dzamora@example.org,603
617,Janoszek-Pyziak Sp.k.,+48 571 644 014,xfeliniak@example.com,136
618,Zagozda i syn s.c.,+48 536 188 785,psmolec@example.com,242
619,Walo s.c.,+48 575 793 287,michaldering@example.org,181
620,Stowarzyszenie Pupek Sp.k.,537 886 353,adriannataranek@example.org,902
621,Spółdzielnia Mokwa,513 479 746,drausemil@example.org,943
622,PPUH Betka-Wrześniak i syn s.c.,601 823 592,leonard55@example.com,191
623,Stowarzyszenie Ważny i syn s.c.,519 526 217,milosz79@example.net,849
624,Wołkowicz-Usarek Sp.k.,+48 32 794 88 91,nplak@example.net,494
625,Fundacja Adamów-Krysik Sp. z o.o. Sp.k.,795 737 825,wenzelblazej@example.org,585
626,Fundacja Fijoł Sp. z o.o. Sp.k.,+48 733 800 356,klarapruchnik@example.com,611
627,Gabinety Godzwon S.A.,783 314 124,dswierad@example.org,942
628,PPUH Meler,575 601 870,hmizak@example.org,406
629,Gabinety Czermak,692 570 709,krystynagiersz@example.org,917
630,Fundacja Kowaluk,509 841 484,nprzerwa@example.com,164
631,Stowarzyszenie Wojaczek i syn s.c.,887 798 863,jakubsinkiewicz@example.org,113
632,Spółdzielnia Boryczko,+48 790 378 535,norbertkobza@example.net,677
633,Siemieńczuk-Zagrajek Sp.k.,22 088 64 98,jandelekta@example.net,784
634,Grupa Gałaj-Pacia Sp. z o.o. Sp.k.,+48 690 040 940,halikdominik@example.org,994
635,Hutnik-Kochman Sp.k.,22 102 60 87,inazarko@example.com,920
636,FPUH Hejna-Żybura Sp.k.,22 388 14 50,holcmaksymilian@example.net,643
637,FPUH Dolega s.c.,+48 664 947 428,chruszczwiktor@example.com,694
638,Prucnal-Nowrot Sp.k.,+48 534 717 459,eborkowicz@example.net,134
639,Stowarzyszenie Kalarus S.A.,884 684 586,pgoraj@example.org,802
640,Spółdzielnia Galon,509 608 831,cjaniuk@example.net,105
641,PPUH Rogacz s.c.,+48 783 849 405,krystyna67@example.com,584
642,Gabinety Uroda,532 706 932,lzbrzezniak@example.com,654
643,FPUH Chachuła,663 379 625,piotrzacharek@example.org,732
644,Westfal Sp.k.,+48 572 550 169,wyrwichnicole@example.net,673
645,Fundacja Gal,+48 22 366 99 03,agabryelczyk@example.org,821
646,Fundacja Tecław,+48 22 048 29 05,lfydrych@example.com,572
647,Szaruga Sp. z o.o. Sp.k.,571 145 589,gustaw07@example.org,558
648,Kuzia-Kacperek Sp. z o.o.,784 154 502,wiesiolekgaja@example.net,102
649,Grupa Dawidek Sp.j.,+48 781 157 090,laskusjuliusz@example.org,277
650,Pronobis Sp. z o.o. Sp.k.,786 561 336,milosz59@example.net,962
651,Gosik-Bohdanowicz S.A.,22 405 89 87,klekotkamil@example.net,741
652,PPUH Antoszczyk Sp.k.,533 101 859,julitaslimak@example.org,101
653,Fundacja Kopiczko,+48 721 764 416,marianna29@example.com,125
654,Gabinety Puto,+48 790 524 308,tadeusz26@example.org,384
655,Ligenza Sp. z o.o. Sp.k.,+48 785 546 276,latuszekkarol@example.org,851
656,PPUH Linke,+48 793 699 968,damian65@example.net,618
657,Gabinety Eckert,605 937 357,sylwiazawodnik@example.org,119
658,Holeksa-Odrzywołek s.c.,22 660 85 77,eliza50@example.org,972
659,Senger Sp. z o.o.,+48 508 259 491,wojaczekgustaw@example.net,664
660,FPUH Milka-Druszcz Sp. z o.o.,725 268 160,derekmarek@example.net,453
661,Spółdzielnia Ryszkiewicz-Pitek Sp.j.,500 727 236,iwojajko@example.org,957
662,Gabinety Molga Sp. z o.o.,605 364 769,jduc@example.org,780
663,Grupa Wypchło-Makieła Sp. z o.o.,+48 731 213 255,jerzyluszczak@example.com,764
664,Grupa Berendt-Borkiewicz s.c.,+48 22 177 37 00,oskarkoczy@example.org,739
665,Stowarzyszenie Rychcik-Domino Sp.k.,695 952 274,ihajdasz@example.org,586
666,Sowała-Uliasz s.c.,+48 32 980 26 42,przemyslawbabel@example.com,842
667,Saj i syn s.c.,+48 608 358 850,dagmara90@example.net,636
668,Gemza-Parzonka Sp. z o.o. Sp.k.,501 125 132,kucieligor@example.org,850
669,Obiała S.A.,666 385 915,jaceksidorczuk@example.net,255
670,Fundacja Wojtalewicz-Kozdra i syn s.c.,+48 733 032 396,cholodymarcin@example.org,425
671,Ficoń-Och S.A.,604 966 080,krystian62@example.net,944
672,Gabinety Czerepak,+48 668 204 532,olszynaryszard@example.com,436
673,Spółdzielnia Wałaszek,666 754 352,doroszkiewiczbianka@example.com,462
674,Gabinety Ciapa-Wisła Sp. z o.o.,723 536 357,kornelkorgul@example.com,995
675,Kozica Sp.j.,+48 728 056 265,nzagozdzon@example.org,230
676,PPUH Roś-Bączkiewicz Sp. z o.o. Sp.k.,662 163 454,pajekjedrzej@example.com,155
677,Grupa Bareja-Kwapisiewicz S.A.,+48 666 019 634,xwittbrodt@example.com,299
678,Grupa Armatys-Mycek s.c.,+48 531 598 408,idzierwa@example.org,569
679,Grupa Mueller,+48 32 785 43 66,filip76@example.net,550
680,Toś Sp. z o.o.,+48 691 808 829,marikamytnik@example.com,418
681,Gabinety Malcher,+48 22 854 95 18,szajnerkarina@example.org,287
682,Stowarzyszenie Szaj-Heleniak Sp. z o.o.,+48 533 409 490,vpleban@example.net,118
683,Cuch-Łasak S.A.,798 111 090,robertziecik@example.com,790
684,Poreda Sp.j.,694 397 812,ynesterowicz@example.org,891
685,Duży-Wołczyk Sp.j.,+48 796 964 949,olaf63@example.org,937
686,FPUH Matejczyk,+48 570 029 218,ojancewicz@example.org,867
687,PPUH Szyjka-Kopij Sp.j.,+48 668 411 421,ida87@example.org,710
688,Podpora-Zimoń Sp. z o.o. Sp.k.,+48 789 634 765,tymon12@example.com,985
689,Rogula-Woronko i syn s.c.,695 324 448,smykalaoskar@example.org,220
690,Fundacja Rosłon-Sornat Sp.k.,602 297 340,bkaja@example.org,143
691,PPUH Haponiuk Sp. z o.o.,790 358 710,zkucz@example.net,123
692,Grupa Sadłocha,885 418 580,gszczudlo@example.net,905
693,Fundacja Meler Sp. z o.o.,722 373 048,mstaniczek@example.com,457
694,Simon Sp.k.,727 349 213,kloreknela@example.com,631
695,PPUH Jerzyk-Lizoń S.A.,730 067 462,kstein@example.com,228
696,Gabinety Groth Sp.j.,606 313 405,kawiakjakub@example.com,327
697,Gabinety Żabka Sp.j.,+48 22 415 48 32,grzegorzgrund@example.net,234
698,Gabinety Polaszek-Pyć i syn s.c.,518 883 641,radoslaw52@example.org,671
699,Irzyk i syn s.c.,+48 780 270 344,ugabryelczyk@example.net,291
700,PPUH Gabara S.A.,+48 739 559 255,wiechtymoteusz@example.org,646
701,Stowarzyszenie Hampel,885 309 471,alex14@example.com,491
702,PPUH Tabisz Sp. z o.o.,+48 735 412 643,szymonwasiuk@example.net,933
703,Spółdzielnia Gzyl s.c.,32 875 34 10,witolddelikat@example.com,195
704,Stowarzyszenie Lament Sp.j.,+48 666 585 932,natanielwiszowata@example.org,199
705,Folga S.A.,668 125 485,bchoina@example.com,329
706,PPUH Stanaszek Sp. z o.o.,793 634 834,lgaleza@example.com,498
707,Spółdzielnia Mazek-Czerner S.A.,575 082 719,dwolan@example.org,123
708,Janiszek Sp.k.,+48 720 624 258,bruno17@example.org,676
709,Pazdan-Kajak Sp.j.,+48 668 976 687,wkinal@example.net,810
710,Pyszczek-Strządała i syn s.c.,+48 661 556 477,francmarcin@example.net,840
711,Kuciak Sp.k.,+48 736 505 937,krystynaskwira@example.net,202
712,Gabinety Nieroda-Preuss Sp. z o.o.,518 730 727,slowiakwojciech@example.com,958
713,Tatarczyk-Wincenciak Sp.k.,+48 782 439 433,antonidryka@example.com,245
714,Gabinety Romejko-Mysior Sp.k.,600 102 785,dawid94@example.org,364
715,Fronczek-Glapiak Sp.j.,730 879 895,jeremi43@example.com,847
716,Hennig-Kapera Sp. z o.o. Sp.k.,+48 576 088 269,bianka98@example.org,654
717,Sieradzan S.A.,780 337 319,wywialigor@example.net,592
718,Ruszel s.c.,884 785 988,piotrszeszko@example.net,163
719,Piskor-Ślęczka Sp. z o.o.,887 347 287,pyszkatola@example.org,129
720,Barej Sp. z o.o. Sp.k.,798 100 551,qfitas@example.net,825
721,Gabinety Krüger s.c.,507 904 209,tola57@example.net,600
722,PPUH Worach Sp. z o.o. Sp.k.,+48 667 575 331,dariuszmordal@example.org,326
723,FPUH Podpora,607 867 304,malwina31@example.com,153
724,Królczyk Sp.j.,+48 605 722 576,sypulaadrian@example.org,625
725,Gabinety Dębosz s.c.,726 753 433,stefandorociak@example.org,318
726,FPUH Samiec,+48 574 230 153,kornelpawlaczek@example.net,853
727,Hanus-Doroszuk s.c.,+48 32 642 59 26,atrepka@example.org,658
728,PPUH Opioła s.c.,+48 531 634 018,lyczekadrian@example.com,826
729,Stowarzyszenie Pabis Sp.j.,+48 883 653 812,jakubmuzyk@example.org,770
730,Stowarzyszenie Grzeszkowiak-Laskus Sp.j.,+48 722 575 985,npytko@example.com,164
731,Stowarzyszenie Majos,787 104 414,leonhuber@example.com,238
732,Krzykała Sp.j.,+48 506 728 681,urszula48@example.net,215
733,Fundacja Hawrylak-Stasica Sp. z o.o. Sp.k.,720 759 072,melania38@example.com,254
734,Spółdzielnia Stosio,+48 606 589 963,ignacy86@example.com,848
735,Gabinety Nazarko,666 348 790,norbert78@example.org,434
736,Stowarzyszenie Bajko Sp. z o.o.,724 262 581,cwowra@example.com,494
737,Spółdzielnia Gleba-Morawiak Sp. z o.o.,+48 503 219 319,maurycyfijak@example.com,432
738,Gabinety Spychaj S.A.,884 698 166,mariuszszymajda@example.com,642
739,Gabinety Strzała,790 603 153,gabrielhanke@example.org,563
740,Grupa Leszkiewicz S.A.,608 634 282,kaletkajulian@example.net,833
741,Bzymek-Biesaga Sp.j.,500 895 960,jaremektobiasz@example.org,613
742,Spółdzielnia Saczuk-Domoń S.A.,+48 722 581 191,hjonik@example.net,694
743,Stowarzyszenie Wielgo-Korzekwa Sp. z o.o. Sp.k.,609 891 010,klarakargol@example.org,826
744,Orwat s.c.,739 044 915,nciochon@example.org,253
745,Stowarzyszenie Dziwak,+48 509 308 024,mdytrych@example.com,677
746,PPUH Sroga-Mieszała Sp.k.,724 841 032,poleteknela@example.net,695
747,Fundacja Gierach Sp.j.,+48 535 069 593,zachanita@example.org,685
748,Grupa Lalak Sp.j.,+48 22 572 04 70,duszczykjulianna@example.com,683
749,PPUH Zach Sp. z o.o. Sp.k.,727 618 275,krystiansuszka@example.com,363
750,Garbacik-Kołodziejak s.c.,+48 608 461 933,akielan@example.org,550
751,Plebanek i syn s.c.,724 035 815,czermaknela@example.net,357
752,Spółdzielnia Karalus-Ciastek Sp. z o.o. Sp.k.,722 821 476,emilkosciukiewicz@example.com,712
753,PPUH Darłak,663 689 659,szajpatryk@example.com,424
754,Stowarzyszenie Piskor,+48 664 676 578,detkajerzy@example.com,941
755,Armatys S.A.,32 062 06 24,robert63@example.org,836
756,Ochał-Prokopiak Sp. z o.o. Sp.k.,+48 536 781 335,ficnerdawid@example.com,782
757,FPUH Bąkiewicz s.c.,22 805 02 42,jopewa@example.com,434
758,Stowarzyszenie Rezler-Tadeusiak Sp.k.,577 685 162,albertstanislawek@example.com,889
759,Fundacja Kwarciak,+48 507 335 115,apolonia11@example.org,751
760,Fundacja Łaszcz,789 180 673,cyprianopyrchal@example.com,224
761,Plewnia S.A.,+48 783 365 605,chabiorfabian@example.com,419
762,Spółdzielnia Graban,693 780 364,leon94@example.org,932
763,Duniec i syn s.c.,+48 609 952 842,arkadiuszmoskalik@example.net,586
764,Penkala Sp. z o.o. Sp.k.,602 011 131,karmelitakazimierz@example.org,905
765,Bugno-Hyjek s.c.,723 853 824,mikolajkolak@example.net,822
766,Szulczyk-Leśna Sp.j.,+48 22 961 30 46,borys85@example.net,249
767,Fundacja Paluszak,32 313 66 69,vzabierek@example.net,111
768,Szałas-Szambelan i syn s.c.,+48 578 637 654,cmaciuszek@example.com,557
769,Łosiak-Urynowicz i syn s.c.,+48 503 577 966,patryk98@example.com,479
770,Grupa Wujek Sp. z o.o. Sp.k.,+48 787 560 549,antoni54@example.org,516
771,PPUH Dąbrówka-Mądrzyk Sp.j.,726 080 251,yjeszke@example.net,966
772,Węgrzynek-Cichos Sp. z o.o. Sp.k.,+48 780 108 758,oskarpawelko@example.com,930
773,FPUH Zysk,+48 729 576 420,monika40@example.net,544
774,PPUH Ostapczuk s.c.,+48 795 054 994,bianka09@example.net,877
775,Polnik-Sudak S.A.,603 917 426,zokhubert@example.com,189
776,PPUH Zadworny,+48 32 575 74 80,dytkobruno@example.com,703
777,Fundacja Miodek Sp. z o.o.,516 623 723,ewelinaadamiuk@example.net,993
778,PPUH Goj-Żybura S.A.,667 522 931,tomaszmasny@example.com,487
779,Fundacja Pietrasz,607 463 550,bortkiewiczadrian@example.com,175
780,Fundacja Jaszczyszyn,698 442 605,kpabis@example.org,458
781,FPUH Melaniuk-Pindral i syn s.c.,+48 22 435 73 48,nikodem64@example.net,546
782,Spółdzielnia Siarkiewicz,+48 727 721 214,neskamarcel@example.net,768
783,Podsiadła i syn s.c.,735 157 667,saternussara@example.net,258
784,Kotala-Haremza Sp. z o.o.,882 548 267,roksanakolka@example.com,601
785,Strawa Sp.k.,+48 601 117 866,arkadiusz92@example.net,662
786,PPUH Zegar-Mularz Sp. z o.o.,+48 534 592 139,wiaksandra@example.org,741
787,Kusztal-Cywka Sp. z o.o. Sp.k.,+48 799 664 642,szymonmaculewicz@example.net,174
788,Spółdzielnia Wejman s.c.,+48 576 551 868,witold38@example.net,871
789,Stowarzyszenie Kłosiewicz,+48 668 566 965,mariusz01@example.org,549
790,PPUH Soliwoda,+48 601 125 468,jacekdorna@example.net,494
791,Grupa Basaj s.c.,538 955 159,wawrzkiewiczjozef@example.com,575
792,Getka-Michel s.c.,668 945 970,anastazja25@example.org,904
793,Gabinety Konieczek,791 450 387,ernest01@example.com,581
794,PPUH Ogrodowicz,508 352 936,dorota68@example.com,572
795,Stowarzyszenie Jaźwiec-Ostasz S.A.,725 924 991,julitafal@example.org,710
796,Utrata S.A.,514 220 082,agnieszka32@example.org,274
797,Bulak Sp. z o.o.,507 774 102,eliza17@example.com,467
798,FPUH Stój,22 191 28 24,kupajroza@example.com,301
799,Stowarzyszenie Bazydło Sp. z o.o. Sp.k.,511 883 877,agnieszkaficner@example.org,821
800,Gronostaj Sp. z o.o.,799 854 568,wendtanna-maria@example.net,513
801,Fundacja Glapiak i syn s.c.,+48 661 018 073,xbracha@example.com,175
802,Stowarzyszenie Kopyść Sp.j.,+48 533 982 627,dysiwo@example.net,984
803,Gabinety Soroko,+48 22 479 58 85,rogulamarianna@example.net,346
804,Dreszer Sp.j.,570 918 249,krzysztof11@example.net,301
805,Siemek i syn s.c.,660 223 934,djaniuk@example.net,672
806,Grupa Bereś Sp.k.,518 641 690,tlaciak@example.org,781
807,FPUH Marchlewicz,667 732 817,mpietras@example.org,560
808,Grzelczyk-Matraszek s.c.,574 374 014,kajawika@example.net,333
809,Pęciak-Taranek Sp.j.,780 453 351,pawel94@example.org,336
810,Grupa Strojna-Biernacik s.c.,+48 795 906 001,elzbieta25@example.net,532
811,Grupa Krauz Sp.k.,504 683 149,aniela86@example.net,601
812,PPUH Styn,+48 699 656 060,borys48@example.com,486
813,Grupa Koronkiewicz Sp.k.,534 599 514,ckieszek@example.org,572
814,Spółdzielnia Misiuk-Łuczka Sp. z o.o. Sp.k.,+48 731 202 832,tokraska@example.org,202
815,Brachaczek Sp. z o.o. Sp.k.,+48 579 578 381,qtlalka@example.net,959
816,Spółdzielnia Sugier,513 606 629,dorawawiktor@example.com,953
817,Spółdzielnia Chojna,+48 32 561 72 76,isadlocha@example.org,377
818,Grupa Uryga-Szmuc Sp. z o.o. Sp.k.,500 619 934,anastazja27@example.org,330
819,Kielich-Świgoń S.A.,600 645 166,pastulakonstanty@example.com,373
820,Niesporek i syn s.c.,+48 691 319 673,rsurdel@example.net,793
821,Spółdzielnia Kiełbus,+48 732 718 346,zkryza@example.com,651
822,Fundacja Hermann,725 161 322,gustaw83@example.net,928
823,Grupa Żurawik,22 983 23 32,elzbieta45@example.net,882
824,Fundacja Malcherek S.A.,796 546 896,zieciaktomasz@example.org,169
825,Duczmal Sp. z o.o. Sp.k.,+48 509 554 496,aurelia66@example.com,595
826,Nitek Sp.j.,578 858 287,bstawinoga@example.net,984
827,PPUH Przeniosło-Iciek S.A.,531 805 950,kamil74@example.com,479
828,Fundacja Siwa Sp. z o.o.,+48 794 124 295,jpaprotny@example.net,179
829,Grupa Madajczyk-Olszowa Sp. z o.o.,+48 22 524 70 44,anastazjakrata@example.net,211
830,Fundacja Grochola,881 794 002,laryszaurelia@example.net,428
831,Stowarzyszenie Karyś Sp. z o.o.,+48 513 513 707,lidiazontek@example.net,195
832,Gula-Dorna s.c.,+48 789 567 106,lduszczyk@example.org,297
833,Stowarzyszenie Wyskiel s.c.,+48 664 138 515,julitabulak@example.org,233
834,Fundacja Szywała,694 421 914,cierpiszsebastian@example.com,220
835,Machniak Sp. z o.o. Sp.k.,534 452 255,alan46@example.org,175
836,Posłuszna-Miksza Sp.k.,+48 539 153 415,iwoloszczuk@example.net,962
837,Sacharczuk-Bak i syn s.c.,730 115 407,jbanys@example.com,888
838,Karalus Sp. z o.o.,+48 537 333 660,robert95@example.com,877
839,PPUH Stypuła-Durczok s.c.,+48 505 440 094,tymonlatacz@example.com,409
840,Parus-Stempin Sp. z o.o. Sp.k.,537 999 131,jakub55@example.net,856
841,Gabinety Karkut,+48 531 265 554,fpacyga@example.com,679
842,Boś Sp. z o.o. Sp.k.,+48 888 070 763,qmargol@example.net,366
843,Spółdzielnia Cholewka,+48 661 875 069,monetamaurycy@example.com,994
844,Gabinety Janiga-Leżoń Sp. z o.o.,+48 502 659 202,maksymilianslabosz@example.net,195
845,Spółdzielnia Jachimczyk-Wlizło S.A.,512 594 694,adrian86@example.org,319
846,Tyczka-Wasyluk Sp.k.,+48 518 306 268,mariannaogrodowicz@example.net,759
847,Grupa Bronka-Szkoda i syn s.c.,+48 889 661 488,fidosliwia@example.net,673
848,Fundacja Święs Sp.j.,+48 510 655 113,urszula45@example.net,553
849,Klęczar-Gałat Sp.j.,+48 695 472 428,radoslawsiewiera@example.net,454
850,Obst S.A.,+48 786 813 684,andryszczykkornel@example.org,380
851,Kutera Sp.j.,500 918 551,oryndak@example.com,761
852,PPUH Kansy-Drewniok s.c.,+48 726 053 088,aandreasik@example.net,755
853,Sommer Sp. z o.o.,693 837 104,aleksmichniak@example.net,197
854,Kazimierczuk S.A.,697 356 728,zdziechmariusz@example.com,328
855,Kruś-Lukas s.c.,+48 662 575 944,aschwarz@example.net,174
856,Makieła Sp. z o.o. Sp.k.,+48 692 923 875,pawel27@example.org,821
857,Gabinety Maślach,+48 604 680 906,gcybul@example.net,745
858,Gabinety Mszyca-Kordys s.c.,507 675 349,jerzy36@example.com,183
859,Rut Sp.j.,+48 789 538 677,zosada@example.net,547
860,Grądziel S.A.,+48 888 980 909,marcinwosiak@example.com,745
861,Skupin Sp.k.,539 279 732,aureliadubis@example.net,863
862,Labus Sp. z o.o. Sp.k.,+48 576 094 032,bruno95@example.net,923
863,PPUH Piwowarek-Świerszcz S.A.,+48 533 665 895,hubert08@example.org,510
864,Tymczyszyn Sp.k.,+48 607 788 131,wiaderekkonrad@example.org,802
865,Szmurło-Downar Sp. z o.o.,571 456 345,ujazdzyk@example.net,430
866,Klemens Sp. z o.o. Sp.k.,503 927 502,maurycyserzysko@example.com,913
867,PPUH Łągiewka-Dworczak i syn s.c.,+48 532 675 333,radoslaw72@example.com,971
868,FPUH Oleszczak,+48 609 726 034,andrzej26@example.com,487
869,Morka-Amanowicz Sp. z o.o.,536 797 540,tolajarosik@example.com,451
870,Michnik Sp. z o.o.,+48 691 563 333,mgranat@example.org,929
871,PPUH Fura,695 086 296,filip20@example.com,111
872,Stowarzyszenie Gierak-Kosak S.A.,+48 572 981 787,adam72@example.net,228
873,FPUH Dargacz Sp. z o.o. Sp.k.,+48 602 771 555,jansowala@example.com,395
874,Palej S.A.,+48 695 764 674,kornel16@example.org,462
875,Hajdasz Sp. z o.o.,+48 605 576 798,vwiewiorka@example.org,597
876,Heller Sp. z o.o.,22 503 60 63,sandra82@example.org,510
877,Dziadkowiec-Żero i syn s.c.,+48 22 100 97 71,michal21@example.org,352
878,Stempniak Sp.j.,506 063 809,nikodem91@example.net,992
879,Kasper-Mrózek s.c.,+48 795 859 442,ewakopij@example.org,695
880,Spółdzielnia Kurzak,+48 783 952 980,caderdorota@example.org,406
881,PPUH Halik-Witoń s.c.,+48 32 628 04 93,dszynkiewicz@example.org,556
882,Goliasz-Niedźwiadek Sp.j.,+48 512 879 150,obiegala@example.net,880
883,Świątkiewicz-Sierota s.c.,+48 660 657 406,witold46@example.net,819
884,Spółdzielnia Juroszek,+48 538 153 790,zjacak@example.net,831
885,Kidoń Sp. z o.o. Sp.k.,+48 32 393 04 18,maciej23@example.org,199
886,Spółdzielnia Królczyk Sp. z o.o.,+48 729 598 077,franciszek44@example.net,325
887,PPUH Myrcha Sp.k.,+48 539 389 781,nelapalak@example.net,371
888,Bluszcz-Tyniec S.A.,32 839 39 01,gromalanatan@example.org,897
889,Fundacja Zachwieja Sp. z o.o.,32 681 91 01,usakwa@example.org,989
890,Waloch Sp. z o.o. Sp.k.,+48 728 634 465,szwajamarianna@example.com,547
891,Gabinety Kazubek-Witko Sp. z o.o. Sp.k.,722 631 897,nblaziak@example.net,340
892,FPUH Kowalówka i syn s.c.,+48 889 867 258,radoslawdykas@example.com,148
893,Antoszczyk s.c.,578 632 092,zrykala@example.com,754
894,FPUH Piersa Sp.j.,788 412 542,mieszkokuska@example.net,739
895,Kałek Sp.k.,+48 792 819 725,vtrzyna@example.com,118
896,Stowarzyszenie Brojek Sp.k.,+48 32 306 73 47,pgregorczuk@example.com,760
897,Krzyśko-Petrus i syn s.c.,507 578 282,tola60@example.com,117
898,Spółdzielnia Bondaruk Sp.k.,500 746 985,fabianrajman@example.net,352
899,Bors Sp. z o.o. Sp.k.,+48 735 941 184,chorosagnieszka@example.com,642
900,PPUH Berek,+48 730 580 907,emil36@example.com,474
901,Krzyśków i syn s.c.,668 064 762,upatrzalek@example.org,917
902,Kut Sp.k.,693 797 628,tkleczar@example.org,599
903,Spółdzielnia Gronostaj-Gumienna Sp. z o.o.,+48 575 930 323,dagmaramisiejuk@example.net,286
904,Szczudło Sp.k.,+48 888 370 881,tola05@example.org,447
905,Żuchowicz-Nieborak Sp.j.,+48 794 494 609,jeremi55@example.org,920
906,Kruś Sp. z o.o.,+48 517 160 738,pkuska@example.org,331
907,Karaśkiewicz-Mikus Sp. z o.o. Sp.k.,+48 609 150 073,michal82@example.com,570
908,Fundacja Truchan-Nowrot Sp.k.,+48 660 470 423,mariuszkolonko@example.net,217
909,Stowarzyszenie Mućko,691 840 320,rduchdaniel@example.com,946
910,Siembab-Kosela Sp. z o.o. Sp.k.,+48 663 229 945,marcelinabugla@example.com,780
911,PPUH Wita,+48 795 457 604,michal23@example.org,364
912,Grupa Cygal i syn s.c.,+48 574 458 465,tobiasz72@example.com,540
913,Spółdzielnia Wita-Żurawik Sp.j.,+48 515 410 490,natanorawiec@example.org,839
914,Nalewajek i syn s.c.,880 234 119,pawel56@example.net,776
915,Dudkowiak s.c.,603 737 162,ryszard56@example.com,834
916,Gabinety Bacia i syn s.c.,509 400 195,woloszykartur@example.com,668
917,Grupa Kobak-Lewek Sp.k.,+48 660 863 123,kaja72@example.net,817
918,Grupa Kurpanik-Mateńko Sp. z o.o.,+48 572 689 497,janina86@example.com,909
919,Siedlik-Michel Sp.j.,885 799 867,ckusztal@example.org,461
920,PPUH Fechner,731 277 607,gajcybartek@example.org,665
921,Skwira-Gaudyn Sp.j.,724 209 295,piotrgrochola@example.com,754
922,Deluga-Kobza s.c.,+48 607 931 315,barankiewicznatan@example.org,799
923,Drzał-Gmurczyk Sp. z o.o.,+48 573 031 760,adrianjazwiec@example.org,904
924,Grupa Nazarko-Głuszko Sp. z o.o.,889 229 182,hwyderka@example.net,952
925,Ostafin-Sadlak Sp. z o.o.,+48 32 507 91 41,wandaspatryk@example.com,632
926,PPUH Sołek Sp. z o.o. Sp.k.,735 647 663,winekkamila@example.com,588
927,Gabinety Cimoch Sp.k.,+48 577 285 185,julitastapor@example.net,732
928,FPUH Korzonek,697 621 147,anielapiejko@example.com,729
929,Spółdzielnia Mydlarz Sp. z o.o.,+48 577 296 789,wrzonca@example.com,366
930,FPUH Chmielak,792 755 125,leon84@example.net,759
931,Spółdzielnia Milewczyk-Mosiołek i syn s.c.,795 625 383,imironczuk@example.org,339
932,Spółdzielnia Sakwa Sp.j.,+48 606 704 555,maciaspatryk@example.org,810
933,PPUH Pompa-Galos s.c.,+48 889 404 578,jozef38@example.org,776
934,Kozok-Makaruk s.c.,515 095 805,szymonikkamil@example.org,746
935,PPUH Ruszel-Kubrak Sp. z o.o. Sp.k.,+48 884 026 415,igor15@example.org,860
936,PPUH Boguta Sp. z o.o. Sp.k.,535 293 435,apolonia55@example.com,367
937,PPUH Jaracz,+48 32 619 23 24,lenarcikpiotr@example.org,339
938,Kiliszek-Łaszcz Sp.j.,+48 515 282 529,hdoktor@example.org,522
939,Stowarzyszenie Kaszkowiak Sp.k.,+48 606 300 577,natanielmorawiak@example.com,436
940,FPUH Bazylewicz-Cudzich Sp.k.,888 389 625,tola18@example.net,672
941,Cąkała-Miotke Sp.j.,783 122 550,opasignacy@example.com,569
942,Grupa Puc,+48 663 344 134,tola73@example.net,584
943,Daraż Sp. z o.o. Sp.k.,665 854 906,nataszawnuczek@example.com,801
944,Gabinety Pudełek Sp.k.,887 435 985,dgajdzik@example.com,379
945,Spółdzielnia Dumin,+48 575 111 873,fkucharzyk@example.org,881
946,Stowarzyszenie Starek,722 575 969,mateuszmakos@example.org,303
947,Kempka S.A.,786 851 261,rolekstefan@example.com,791
948,Ślimak-Uss Sp.j.,721 153 643,miloszziemkiewicz@example.com,137
949,Ptok-Merchel Sp.k.,+48 884 667 340,bartlomiejczyktymon@example.net,388
950,FPUH Gałach,+48 735 686 588,pgosik@example.net,825
951,Gabinety Sołek,736 299 523,maurycy23@example.com,269
952,FPUH Gruszczyk Sp.k.,603 114 664,kopczykwojciech@example.com,308
953,Czerwionka-Jarosiewicz Sp. z o.o.,+48 507 900 288,franciszek43@example.org,294
954,FPUH Rurarz-Machniak i syn s.c.,+48 570 030 142,sonia32@example.net,751
955,PPUH Such-Delikat Sp.k.,22 150 97 29,kajetan41@example.org,717
956,Spółdzielnia Kaczka-Chyb Sp. z o.o. Sp.k.,532 285 748,qdrozdzal@example.net,488
957,PPUH Basaj-Krysta i syn s.c.,799 922 900,oliwier50@example.net,658
958,Parafiniuk-Matulka i syn s.c.,+48 509 716 307,lgrzela@example.com,865
959,Stowarzyszenie Żółtek s.c.,+48 600 126 641,itylek@example.org,520
960,Stowarzyszenie Misiuk-Bartocha Sp. z o.o.,511 628 069,ksawerymetel@example.com,744
961,Stowarzyszenie Pęksa-Orkisz i syn s.c.,+48 578 173 776,jbulak@example.org,997
962,Fundacja Chuchla,+48 605 186 268,oskar79@example.net,746
963,Gabinety Wacław Sp. z o.o.,+48 725 950 971,kojtymoteusz@example.net,704
964,Gabinety Dorna,517 975 225,sebastianwiak@example.net,465
965,Jaremko Sp. z o.o. Sp.k.,737 646 515,worochnatasza@example.org,780
966,Makurat s.c.,32 341 04 74,zdurlik@example.org,200
967,Gabinety Rohde,+48 22 369 46 65,szymonjany@example.net,944
968,Spółdzielnia Boduch,+48 579 158 334,cdzierzak@example.net,701
969,Stowarzyszenie Marko,660 098 418,wfidura@example.org,714
970,Gabinety Rajda,786 094 958,kocureksebastian@example.com,540
971,Trepczyk-Gosek i syn s.c.,+48 536 440 528,waznygrzegorz@example.net,242
972,Gabinety Tórz-Damek Sp.k.,+48 729 387 972,nataniel56@example.com,312
973,Spółdzielnia Cłapa-Przerwa Sp.j.,600 181 090,tjancewicz@example.net,260
974,Wicha-Wlaźlak S.A.,+48 732 447 422,klaramoskalik@example.com,589
975,Solis i syn s.c.,519 256 627,rozalia52@example.net,188
976,PPUH Klęczar Sp. z o.o.,+48 699 514 503,iwo37@example.net,166
977,Fundacja Maciejewicz,+48 22 800 88 52,adam13@example.com,173
978,FPUH Trybała-Ragan S.A.,+48 32 644 64 97,arturpakos@example.net,551
979,PPUH Samiec,+48 695 289 749,nicoleszramka@example.org,967
980,Fundacja Gągała,518 338 417,ciasmonika@example.org,905
981,Grupa Greszta,+48 22 292 94 48,bartekkocwin@example.net,778
982,Stowarzyszenie Chyb-Różak S.A.,516 313 061,sporyszjeremi@example.net,179
983,FPUH Bittner-Kurzaj i syn s.c.,+48 22 369 49 17,kasiakmarika@example.org,497
984,Fundacja Trepka-Dulik Sp.j.,721 779 065,mareklawniczek@example.net,864
985,PPUH Karnas-Buława Sp. z o.o. Sp.k.,577 163 601,dagmara77@example.org,467
986,Heba-Majak Sp.j.,22 731 30 25,lmordal@example.com,859
987,FPUH Szelest,+48 783 980 548,kacper16@example.org,189
988,Spółdzielnia Kuryłowicz S.A.,500 000 151,oskar94@example.com,812
989,Teterycz-Pałęga Sp. z o.o. Sp.k.,+48 721 626 647,apolonia53@example.org,739
990,PPUH Manista Sp. z o.o.,+48 789 055 963,maliglowkanela@example.net,970
991,Gabinety Sierpień,507 306 558,iwujec@example.com,527
992,Stowarzyszenie Chromy Sp.k.,+48 22 294 53 10,konrad34@example.org,458
993,Doroba S.A.,+48 508 804 647,janhajder@example.com,348
994,Choroś i syn s.c.,+48 512 555 325,borczykkonstanty@example.net,601
995,Stowarzyszenie Baranowicz i syn s.c.,+48 724 601 867,wienceknatan@example.com,889
996,Grupa Grycz-Ciochoń i syn s.c.,+48 512 931 645,kamila09@example.net,388
997,Spółdzielnia Korpal-Widłak Sp.j.,535 019 539,zmyslonybartek@example.net,945
998,Stowarzyszenie Kinder S.A.,725 880 023,baldysnataniel@example.org,276
999,Zmuda-Cygal Sp. z o.o. Sp.k.,737 432 550,ynytko@example.net,319
