0,540,Gabinety Gierak Sp.j.
1,979,Truchan Sp. z o.o. Sp.k.
2,71,Walkusz Sp.j.
3,287,G³uszko s.c.
4,920,Wawrzynowicz-Behrendt Sp. z o.o.
5,648,£obacz-G¹sienica Sp.k.
6,838,Gabinety Ekert Sp.j.
7,404,Grupa Jaskó³a Sp. z o.o.
8,514,Maraszek Sp.j.
9,688,PPUH Woroch
10,957,Gabinety Molka-Ludwiniak i syn s.c.
11,86,Stowarzyszenie Duszczak-Kielich S.A.
12,685,Swacha S.A.
13,606,Forma Sp. z o.o.
14,878,Kuœka s.c.
15,692,Spó³dzielnia Sondej Sp. z o.o. Sp.k.
16,930,Grupa Golonko
17,22,FPUH Roso³ek
18,207,Grupa Karpik Sp. z o.o.
19,192,Fundacja K³oczko
20,762,Gabinety Cymer
21,402,Gabinety Wojtaszak Sp. z o.o. Sp.k.
22,937,Spó³dzielnia Breœ
23,34,Spó³dzielnia Wo¿niak S.A.
24,515,Fundacja Wnuczek-Troæ Sp. z o.o. Sp.k.
25,457,Kolarz Sp. z o.o.
26,73,Pêksa-Pajda s.c.
27,80,Fundacja D¹bkiewicz
28,852,Fundacja Mainka Sp.k.
29,735,Bojczuk S.A.
30,991,Szyda Sp. z o.o. Sp.k.
31,556,Gabinety Welc S.A.
32,906,Bejma Sp.j.
33,980,PPUH Burza
34,749,Fundacja Kandora
35,347,Saj s.c.
36,520,Galek-Nalewajko Sp.j.
37,399,Piotrkowicz-Zbróg Sp. z o.o.
38,776,Zdancewicz-Lang Sp. z o.o.
39,374,Spó³dzielnia Koœka Sp.k.
40,286,Kurzaj-Strama Sp.j.
41,706,Fundacja Bobko-Filek Sp. z o.o. Sp.k.
42,550,Fundacja Ciarka
43,971,Spó³dzielnia Dybiec-Niksa Sp.k.
44,818,Grupa Zaranek-Klucznik i syn s.c.
45,477,FPUH Korab Sp. z o.o. Sp.k.
46,104,Prawdzik i syn s.c.
47,673,Gabinety Grochowina Sp.j.
48,29,Matyka s.c.
49,857,Je¿yk Sp. z o.o.
50,451,Koniecko-¯elazo Sp.j.
51,53,FPUH Zera-Koniec Sp.j.
52,426,Hasiak-Waloszczyk s.c.
53,634,Spó³dzielnia Go³as-Szmelter Sp.k.
54,230,PPUH Znojek
55,364,Bittner-Chodak Sp.k.
56,776,Wêgrzyk-Hajdasz S.A.
57,559,Strzelczak s.c.
58,898,Spó³dzielnia Œnieg-Szymula Sp.k.
59,864,Witoñ Sp. z o.o. Sp.k.
60,563,Gabinety Tworzyd³o-Mêdrala s.c.
61,785,Fundacja Czupryna-S³oka Sp.k.
62,44,Jeszka Sp.j.
63,551,Zdonek i syn s.c.
64,991,Spó³dzielnia Kajdan s.c.
65,740,Du¿y S.A.
66,491,Mzyk-Salawa S.A.
67,548,£yjak-Usarek S.A.
68,590,Gabinety Ostafin-£apot S.A.
69,679,FPUH Nitkiewicz-Zieniewicz s.c.
70,941,Porzucek Sp.k.
71,226,Podeszwa-Kosno s.c.
72,443,Fundacja Rolak Sp.j.
73,309,Trzyna-Ko³tuniak Sp.k.
74,799,Gabinety Kamyk
75,486,Marach-Omiotek Sp. z o.o.
76,793,Porzucek Sp. z o.o.
77,40,Spó³dzielnia Ciochoñ Sp. z o.o. Sp.k.
78,81,Kempka i syn s.c.
79,749,Wosiek-Kinder Sp.j.
80,361,Iwañczyk-Martin S.A.
81,515,Fundacja Pacia S.A.
82,406,Stowarzyszenie Linek Sp.k.
83,256,Gabinety Kozdra-Sommer Sp. z o.o.
84,333,Spó³dzielnia Janoszka Sp.j.
85,473,£uc-Szulist Sp. z o.o. Sp.k.
86,107,Tomalak-Dylak Sp. z o.o. Sp.k.
87,786,Gabinety Go³oœ-Haraburda Sp. z o.o.
88,805,Kolarz-Ferdyn s.c.
89,104,Herbut Sp. z o.o.
90,928,Gabinety Jêdrzejek
91,797,Nowotnik Sp.j.
92,466,Koman Sp. z o.o. Sp.k.
93,667,£uczkiewicz-Holeksa S.A.
94,817,Wielgo Sp. z o.o.
95,896,Paprotny-Stypu³a Sp.k.
96,449,Stowarzyszenie Pa³yga
97,617,Grupa Marosz-Zaborek Sp. z o.o.
98,325,Stowarzyszenie Ko³tuniak
99,293,Betlej-Kulisz s.c.
100,602,Jaroszuk Sp.k.
101,241,Stowarzyszenie Kasperczak-Para Sp.k.
102,475,Wawszczak-Elwart i syn s.c.
103,420,Dzidek-Komisarczyk s.c.
104,137,Stowarzyszenie Konat
105,669,FPUH Cydzik Sp.j.
106,758,Szymków-Pindor Sp.k.
107,68,Drobny-Mysiak S.A.
108,999,Siciarz Sp.j.
109,516,Fundacja Ziemkiewicz
110,250,Grupa Michnowicz
111,14,Gabinety Grzelczyk Sp. z o.o.
112,325,Moj-W¹siewicz S.A.
113,779,Stowarzyszenie Ma³as
114,669,Pietraœ i syn s.c.
115,807,Gronostaj-Wajdzik Sp. z o.o. Sp.k.
116,534,Giersz Sp. z o.o.
117,457,Szczepaniec-Bajak Sp.j.
118,766,FPUH Laszkiewicz
119,745,Kurzac Sp. z o.o. Sp.k.
120,176,PPUH Pakosz Sp. z o.o. Sp.k.
121,847,Spó³dzielnia Procek Sp. z o.o. Sp.k.
122,391,Gamoñ-Dyjach s.c.
123,115,Spó³dzielnia Rusiniak
124,882,Hamera-Walusiak i syn s.c.
125,777,Fundacja Raszkiewicz S.A.
126,841,Stowarzyszenie Zamora i syn s.c.
127,6,Macek-Palak Sp. z o.o. Sp.k.
128,853,Balcewicz-Szmelter Sp. z o.o.
129,486,Froñ-Kojder Sp.k.
130,498,FPUH Stranc-£uczka i syn s.c.
131,755,Skuba³a-Znojek Sp.k.
132,229,PPUH Wosiek
133,506,Spó³dzielnia Cieloch Sp.j.
134,340,PPUH So³oducha
135,794,Grupa Œlipek-Na³êcz Sp.j.
136,73,Koœnik-Pastucha S.A.
137,641,PPUH Klebba
138,97,Grupa Zyga
139,853,Grupa Bia³asik-Buchholz Sp.k.
140,407,FPUH Bielat-KaŸmierczyk i syn s.c.
141,705,PPUH Turczyk S.A.
142,986,M³otek Sp.k.
143,166,Kozon-Pude³ek Sp.k.
144,42,FPUH Olbrych-Okraska Sp. z o.o. Sp.k.
145,462,Fundacja Gnyp Sp.j.
146,775,Barcz-Broncel Sp. z o.o.
147,513,Stowarzyszenie Danel-Elert s.c.
148,469,Stowarzyszenie Wojtasiewicz-Wujek Sp. z o.o.
149,6,Wawrzeñczyk Sp. z o.o. Sp.k.
150,747,Gabinety Oziêb³o Sp.k.
151,853,Derek s.c.
152,57,Rduch i syn s.c.
153,762,PPUH Jaroszuk-Brodowicz Sp.j.
154,238,Nalewajko-Nesterowicz S.A.
155,671,Grupa Duda³a-Lesiewicz Sp.j.
156,692,Spó³dzielnia Leœny s.c.
157,135,Fundacja Druszcz
158,523,Gabinety Jacak-Citko s.c.
159,240,Grupa Wojtalewicz Sp. z o.o. Sp.k.
160,205,Fundacja Rezmer-Stuglik Sp. z o.o.
161,198,Spó³dzielnia Skolik
162,169,Spó³dzielnia Szelest i syn s.c.
163,657,Gabinety Staniczek Sp. z o.o. Sp.k.
164,180,FPUH Kolbusz
165,806,Baster-Truchan i syn s.c.
166,827,Spó³dzielnia Mojsa-Bytner i syn s.c.
167,41,Go³oœ i syn s.c.
168,585,Kurant Sp. z o.o. Sp.k.
169,138,Spó³dzielnia Pupek-Michnik Sp. z o.o. Sp.k.
170,461,Knysak-Obuchowicz Sp.j.
171,742,Bandyk-Niedba³ i syn s.c.
172,139,Gabinety Rohde-Senator s.c.
173,777,Masiak-£achacz i syn s.c.
174,458,PPUH Godzisz-Peszko s.c.
175,902,Grupa Wojak
176,653,Sycz Sp. z o.o. Sp.k.
177,530,FPUH Dylak-Buczko Sp.j.
178,662,Gabinety W¹sek
179,215,Fura-Sumera Sp. z o.o. Sp.k.
180,579,Jaskó³a Sp. z o.o.
181,992,Warmuz-Mainka Sp. z o.o.
182,978,Dzia³ak s.c.
183,61,Stowarzyszenie Skubis-Sypu³a s.c.
184,406,Bubel S.A.
185,544,Sarota Sp.j.
186,222,Gabinety Jeka
187,972,Gierak-Kott Sp.j.
188,59,Nijak-Toborek Sp.k.
189,773,Kosak S.A.
190,864,Worach-Kansy S.A.
191,629,Kurtyka-Niesporek S.A.
192,448,Fundacja Zwara-Kempka i syn s.c.
193,406,Gabinety Graban Sp.j.
194,622,Spó³dzielnia Groth-Prasek Sp.j.
195,379,Gabinety Ochab-Pa³ac Sp. z o.o. Sp.k.
196,143,Fundacja Szymajda-Labudda s.c.
197,136,FPUH Koniec Sp. z o.o.
198,137,FPUH Praczyk
199,208,Herdzik-Karmelita S.A.
200,450,PPUH Kluczek Sp.k.
201,570,Jêdraszek S.A.
202,642,Gmurczyk S.A.
203,645,Migoñ Sp. z o.o.
204,691,Nazarewicz S.A.
205,454,Stowarzyszenie Starek Sp.j.
206,590,Fundacja Meissner S.A.
207,767,PPUH Jakubaszek
208,638,PPUH Sobel
209,598,PPUH Kohut
210,286,Grupa Pawliczak-Wdowczyk S.A.
211,839,Chmara i syn s.c.
212,897,Bakalarczyk-Bednarowicz Sp. z o.o.
213,514,Grupa Kostek
214,239,Gabinety Drgas-Nyk Sp.k.
215,570,Spó³dzielnia Kabala s.c.
216,841,Barankiewicz Sp. z o.o. Sp.k.
217,475,FPUH Kozok Sp.k.
218,139,Rawa Sp.k.
219,615,Olewniczak Sp. z o.o. Sp.k.
220,455,Kluczek-Pu³a Sp.k.
221,317,Spó³dzielnia Go³ota Sp. z o.o. Sp.k.
222,31,Fundacja Jaroszuk
223,951,Fundacja Polasik
224,467,Goj-Szczechowicz Sp.k.
225,773,Lempart-Rychcik s.c.
226,821,Stowarzyszenie Dylik
227,833,Tusk S.A.
228,970,FPUH Naczk-Buchalik Sp. z o.o. Sp.k.
229,422,Stowarzyszenie Fyda-Gula S.A.
230,809,Stowarzyszenie Je¿yna
231,892,Tadych Sp.k.
232,159,PPUH Wawrzyn
233,658,Stowarzyszenie Kiliszek-Kurant Sp.j.
234,945,Stowarzyszenie Rzeszut-Obst Sp.j.
235,331,Stowarzyszenie Wojtasiewicz-Ciê¿ka Sp.k.
236,611,Gabinety Herbut
237,349,Wójcikiewicz-Pude³ek S.A.
238,672,FPUH Gajzler-Skolik i syn s.c.
239,794,Gabinety Nalewajek
240,571,Fundacja Trochimiuk
241,629,FPUH Staciwa-Owsiany Sp.k.
242,437,Mordal Sp.k.
243,805,FPUH Dymarczyk Sp.k.
244,173,FPUH Œwiêtoñ
245,85,Martin s.c.
246,996,PPUH Wiêc³awek S.A.
247,667,Brzykcy-Gorgol S.A.
248,689,FPUH Bondaruk-Jasina S.A.
249,97,Zyga-Cygal S.A.
250,251,Gabinety Zagrajek-Cebo s.c.
251,867,£uszczyk S.A.
252,615,Gabinety Bryda
253,177,FPUH Neubauer Sp.k.
254,685,Spó³dzielnia Capa³a
255,594,FPUH Wiewiórka s.c.
256,602,FPUH Ko³pak Sp. z o.o. Sp.k.
257,942,Zbro¿ek-Loska s.c.
258,978,Stowarzyszenie Koniecko Sp. z o.o. Sp.k.
259,611,PPUH Banyœ
260,469,Pierz s.c.
261,138,Chwedczuk i syn s.c.
262,774,Stowarzyszenie Dubis-Hewelt Sp. z o.o. Sp.k.
263,577,Fundacja Bryja Sp.j.
264,577,Gabinety Pêdrak s.c.
265,479,Stowarzyszenie Staniczek s.c.
266,349,Hawrylak Sp. z o.o.
267,59,Fundacja Krokosz
268,408,Fundacja Paprotny i syn s.c.
269,231,Spó³dzielnia Pindor
270,2,PPUH Cierpka
271,569,Fundacja Sopata-Trzcionka Sp. z o.o.
272,843,Dulik S.A.
273,360,Chlebek-Kazimierczuk S.A.
274,260,Grupa Macha Sp. z o.o.
275,50,Fundacja Ornat
276,204,Grupa Drobny s.c.
277,533,Grupa Paliga Sp.j.
278,382,Spó³dzielnia S³obodzian Sp.j.
279,519,Gabinety Saczuk
280,858,Gabinety Matyjasek Sp. z o.o.
281,85,Gabinety Latoszek-Siembab Sp. z o.o.
282,19,Fundacja Pielech i syn s.c.
283,74,Spó³dzielnia Behrendt
284,213,Samson-Gogó³ Sp. z o.o.
285,71,Panuœ s.c.
286,535,Gabinety Patoka-Dziadowicz Sp. z o.o. Sp.k.
287,72,Grupa Œwi¹tkiewicz-Krzysiek i syn s.c.
288,403,Spó³dzielnia Miszkiewicz
289,446,Pasich Sp.k.
290,493,Walasik-K³osowicz i syn s.c.
291,935,Fundacja Bosek
292,254,FPUH RaŸniak S.A.
293,841,Franiak-Nêdzi Sp. z o.o. Sp.k.
294,920,Gabinety Wiraszka
295,592,Stowarzyszenie Mularz
296,714,PPUH Wojtczuk
297,360,Buczma i syn s.c.
298,501,Gabinety Dubis
299,894,Kordys s.c.
300,831,Grupa Stefankiewicz-Bieszke Sp.j.
301,559,Fundacja Cop
302,917,FPUH Kobos-Garczarek Sp. z o.o.
303,935,Hanke s.c.
304,157,Pizoñ Sp. z o.o.
305,696,Gabinety Szynkiewicz-Karpik Sp.j.
306,742,PPUH Jarema S.A.
307,98,Fundacja Tabak i syn s.c.
308,794,Gabinety Sporek
309,402,Gabinety Drobik Sp.j.
310,900,Fundacja Witos Sp. z o.o.
311,869,Grupa Madera
312,897,Fundacja Gamrat
313,195,Stowarzyszenie Bereda
314,852,Stowarzyszenie Fitas-Mielcarz s.c.
315,498,Krzyka³a Sp. z o.o. Sp.k.
316,742,PPUH Wojtiuk Sp.j.
317,235,Spó³dzielnia Andreasik
318,778,Gadzina Sp.k.
319,578,Stowarzyszenie Zera Sp.k.
320,473,Grupa Stawczyk
321,879,Krêcichwost-Jêdraszczyk S.A.
322,593,Gabinety Kluczyk
323,964,Stowarzyszenie Kud³acik-Cebulak i syn s.c.
324,370,Dydo Sp.k.
325,548,Spó³dzielnia Lorenz
326,602,Stowarzyszenie Bartocha i syn s.c.
327,951,Spó³dzielnia Nestorowicz
328,660,Pastu³a s.c.
329,920,Cymer-Cieloch Sp. z o.o.
330,412,Spó³dzielnia Jêdrzejek S.A.
331,895,Bielas-Jargie³o Sp. z o.o.
332,103,Cierpisz s.c.
333,117,Spó³dzielnia Synak
334,25,Klamka-Ciapa s.c.
335,48,Spó³dzielnia Dyrek Sp. z o.o. Sp.k.
336,331,Grupa Macio³ s.c.
337,544,Garczyk-Chylak S.A.
338,520,Rzoñca-Kajstura Sp. z o.o.
339,792,Stowarzyszenie Semenowicz
340,98,Handke-Chlipa³a Sp. z o.o. Sp.k.
341,239,Kiliszek Sp.k.
342,125,FPUH Organiœciak-Dyszkiewicz S.A.
343,152,FPUH Bochnak-Dunal s.c.
344,108,Fundacja Grzywnowicz
345,996,Spó³dzielnia Kusa
346,804,Tarach s.c.
347,150,FPUH Duc-Pabisiak Sp. z o.o.
348,541,Karpiel Sp.k.
349,744,Kultys-Klos Sp. z o.o. Sp.k.
350,918,PPUH Drej
351,186,FPUH B¹kiewicz Sp.k.
352,603,Minkiewicz-Bartocha s.c.
353,32,Spó³dzielnia Ostapiuk
354,310,PPUH Sadoch S.A.
355,706,PPUH Reæko
356,659,Fundacja Jaszczur Sp. z o.o. Sp.k.
357,146,Gabinety Jêdrasiak-Œnieg s.c.
358,716,Fundacja Misztela
359,312,Duszkiewicz i syn s.c.
360,910,Grupa Bartela
361,789,Komisarek Sp.k.
362,646,Drewniok-Koniecko i syn s.c.
363,445,Bartel-Anders S.A.
364,540,Fundacja Kohut Sp.j.
365,720,Grupa Knapek-Roda s.c.
366,38,Fundacja Nyk Sp.j.
367,857,Fundacja Jancewicz-Pyza Sp. z o.o. Sp.k.
368,860,Sadownik i syn s.c.
369,82,Go³ek Sp.k.
370,31,Spó³dzielnia Kosela
371,584,Gabinety Prejs-£yczek Sp. z o.o. Sp.k.
372,652,Grupa Koss Sp.j.
373,398,Stowarzyszenie Przew³oka
374,922,Mosio³ek S.A.
375,976,Melcer-Kuciel Sp.k.
376,183,Stowarzyszenie Trochimiuk s.c.
377,493,Zys-Zbroja Sp. z o.o.
378,353,Grupa Ciesielczyk-Sulich Sp.k.
379,658,Fundacja Skoneczna S.A.
380,515,Grupa Jakoniuk S.A.
381,668,Fundacja Trybus-Myszak Sp.j.
382,397,Grupa Knieæ
383,679,Fundacja Bernard
384,568,Bodek-Koœcik S.A.
385,453,Grupa Zuziak s.c.
386,341,Stowarzyszenie Dyszkiewicz-Hojda i syn s.c.
387,904,Gabinety Garncarz-Gi¿a Sp. z o.o.
388,561,Fundacja Piegza-Sularz s.c.
389,594,Stowarzyszenie Uroda Sp.j.
390,943,Damek-Kluczyk Sp. z o.o. Sp.k.
391,727,Fundacja Meler-Bobel S.A.
392,945,Block S.A.
393,818,Gabinety £udzik Sp.j.
394,302,Szulim-Bondyra Sp. z o.o. Sp.k.
395,732,FPUH Œlêczka-Mejer Sp.j.
396,923,S³oka S.A.
397,453,Majak-Saczuk Sp. z o.o.
398,148,Domek Sp.k.
399,576,Gabinety Potêga
400,51,Fundacja Dzier¿ak s.c.
401,406,Gubernat-Ciuruœ Sp.k.
402,914,G¹sienica s.c.
403,294,PPUH Dziadkiewicz-Batóg S.A.
404,651,Staœ-Piekart Sp. z o.o.
405,351,Grupa Koziatek-Pacho³ek i syn s.c.
406,183,Burchardt s.c.
407,351,Grupa Andziak Sp.k.
408,728,Wa¿ny-Pronobis Sp. z o.o. Sp.k.
409,929,Grabara Sp.k.
410,155,Migoñ-Chmara S.A.
411,373,Gabinety Wieja i syn s.c.
412,34,Duc-£aszczyk s.c.
413,489,Spó³dzielnia Bobrowicz
414,719,Stowarzyszenie Kuska Sp.k.
415,98,Stowarzyszenie Chmielak
416,194,Gabinety Chatys i syn s.c.
417,887,Kosznik-Kochel i syn s.c.
418,483,Wyrobek-Brachaczek s.c.
419,159,Lejman-Krzystek Sp.k.
420,135,Wietecha Sp.j.
421,426,Trawka S.A.
422,774,Gabinety Adamaszek-Radziewicz s.c.
423,925,Jaœkowiec-Dylong Sp. z o.o. Sp.k.
424,232,PPUH Leks
425,320,Engel-Trzos Sp.k.
426,192,Stowarzyszenie Sommerfeld
427,830,Dybiec-Zimol¹g Sp.j.
428,379,Cyba Sp. z o.o. Sp.k.
429,647,Sobkiewicz Sp.j.
430,614,Grupa K³ysz s.c.
431,789,Kaziród-Zawal Sp.j.
432,473,Grupa Smolec-Prejs Sp. z o.o. Sp.k.
433,603,PPUH Oziêb³o Sp.k.
434,125,Grupa Wiencek i syn s.c.
435,565,Gabinety Pazo³a-Gonet Sp. z o.o.
436,106,Gabinety Linek-Samson Sp. z o.o.
437,966,Saj-Oleœkiewicz i syn s.c.
438,354,Stowarzyszenie Stuglik-Frymus s.c.
439,554,Pilarek Sp. z o.o. Sp.k.
440,407,PPUH Samol s.c.
441,137,FPUH Pusz
442,737,Stowarzyszenie Burchard
443,923,Fundacja Hirsch-Abramczuk Sp. z o.o. Sp.k.
444,628,PPUH Suchta
445,278,Trojanek-Kud³acz s.c.
446,867,Gabinety Lejk
447,759,Stowarzyszenie Zadworny-Ostrêga Sp.j.
448,942,PPUH Paœnik
449,879,PPUH Bejma Sp. z o.o.
450,829,Siwka S.A.
451,116,Latko-Zieniewicz Sp.j.
452,785,Grupa Wojtyœ
453,499,PPUH Matyjaszek
454,894,PPUH Panuœ Sp. z o.o. Sp.k.
455,313,Fundacja Kurzyna-Golda Sp.k.
456,997,FPUH S³aba-Wolan Sp. z o.o.
457,331,Fundacja Rajtar Sp. z o.o. Sp.k.
458,703,Wysota s.c.
459,328,FPUH Lemanowicz Sp. z o.o.
460,122,Maciejko s.c.
461,780,Gabinety Janiga
462,513,Grupa Procek
463,742,Gabinety Krzysztofek
464,706,Bela-Burkiewicz Sp.k.
465,204,Gabinety Kochanowicz
466,831,Oskroba-Gêca Sp. z o.o.
467,814,Grubba-Goliasz i syn s.c.
468,2,£osiewicz-Gnyp Sp.k.
469,863,Plizga S.A.
470,864,Gabinety Morga³a Sp.j.
471,991,Grupa Witka-Cylwik Sp. z o.o.
472,327,Domiñczak-Niemczuk Sp.k.
473,262,Gabinety Durlak S.A.
474,122,Swaczyna-Zagrajek Sp. z o.o. Sp.k.
475,805,Spó³dzielnia Czuj Sp. z o.o.
476,241,FPUH Ró¿ewicz Sp.j.
477,318,Grzech Sp.j.
478,257,Szczepaniec-Mironiuk Sp. z o.o. Sp.k.
479,930,Gabinety £adniak-Druszcz Sp. z o.o.
480,675,Stochaj-Szumacher i syn s.c.
481,153,Gapys S.A.
482,644,Gabinety Czerniakiewicz
483,990,Spó³dzielnia Bryczek Sp.j.
484,368,Spó³dzielnia Powier¿a-Zmuda Sp.j.
485,859,Grupa Domian
486,699,Fundacja Krzysztofek s.c.
487,667,Pietrus i syn s.c.
488,511,Bródka Sp.k.
489,266,Franaszek s.c.
490,32,Mainka-Stawowczyk S.A.
491,98,FPUH Solis Sp.j.
492,472,Fundacja Paleñ-Miszkiel s.c.
493,564,Mordak-Smolka Sp. z o.o. Sp.k.
494,712,Klamka-St¹por S.A.
495,157,FPUH Patyna s.c.
496,745,Fundacja Bakiera
497,506,PPUH Cetera Sp. z o.o.
498,532,Stowarzyszenie Ma³ysiak-Burzawa S.A.
499,685,Bela-Merda Sp. z o.o.
500,388,FPUH Krêcichwost S.A.
501,156,Namys³o Sp. z o.o. Sp.k.
502,82,Fundacja Dzienniak-Kazior Sp.k.
503,509,Grupa Policht-Kazimierczyk i syn s.c.
504,531,PPUH Mizga³a-Królczyk Sp.k.
505,568,Gabinety Andrearczyk-U³anowicz i syn s.c.
506,57,Wydrych S.A.
507,602,Stowarzyszenie Brojek
508,537,Fundacja G³owienka-Chmara i syn s.c.
509,103,Szymocha-Matus Sp. z o.o. Sp.k.
510,906,Basista Sp. z o.o.
511,422,Biernacik Sp.j.
512,602,Fundacja Pianka-Kamieniarz Sp.j.
513,585,Spó³dzielnia Kurzyna-Rawa Sp.k.
514,490,Fundacja Seidel Sp.k.
515,830,Gabinety Topa-Kuœnierek s.c.
516,786,FPUH Czupryn-Sadownik s.c.
517,917,Matusewicz S.A.
518,149,PPUH Sztuczka-Niemczuk Sp. z o.o. Sp.k.
519,761,Grupa Drabczyk Sp.k.
520,166,Stowarzyszenie Wojtaszczyk Sp. z o.o.
521,956,Wyderka-Machniak s.c.
522,536,Gabinety Trochimiuk-Hamerla Sp. z o.o. Sp.k.
523,119,Stowarzyszenie Ja³owiec
524,930,Majak Sp.k.
525,317,Gabinety Fydrych
526,709,Piekart-Wenzel S.A.
527,71,PPUH Bernatowicz
528,667,Mikosz-Elias Sp. z o.o.
529,28,PPUH Misior-£apacz Sp. z o.o.
530,425,FPUH Namys³o-Buszta Sp. z o.o.
531,959,FPUH Godyñ
532,732,PPUH Plak Sp.k.
533,632,PPUH Okraska i syn s.c.
534,503,Grupa Majorek
535,264,Spó³dzielnia Moniuszko i syn s.c.
536,591,Grupa Grzech
537,873,Grupa Superson Sp.j.
538,271,PPUH Gierek-Zaniewicz Sp.j.
539,364,Stowarzyszenie Makles
540,591,PPUH Wilkos-Zawartka i syn s.c.
541,545,Stowarzyszenie Rudyk i syn s.c.
542,291,Grupa Pitura
543,160,Fundacja Zapadka-Rezler i syn s.c.
544,50,Górkiewicz Sp.j.
545,856,Stark s.c.
546,885,Gabinety Trawka Sp.k.
547,15,Fundacja Zaczyk S.A.
548,154,Matyjas-U³anowicz Sp. z o.o.
549,865,Fundacja Ernst Sp. z o.o.
550,80,Spó³dzielnia Lempart-Boguœ i syn s.c.
551,188,Stowarzyszenie Kowalak
552,888,FPUH Symonowicz-Woroch Sp. z o.o.
553,505,Florian i syn s.c.
554,846,Klebba-Wik³o Sp. z o.o.
555,149,FPUH Brodowicz Sp. z o.o. Sp.k.
556,135,Lemanowicz Sp. z o.o.
557,687,PPUH Draus
558,128,Szrama Sp. z o.o.
559,717,Grupa Paœnik Sp. z o.o.
560,440,Fundacja G³owienka S.A.
561,15,Zadora Sp.k.
562,258,Grupa Skotarczak-Fogel Sp.j.
563,247,Krê¿o³ek-Olesiejuk Sp. z o.o. Sp.k.
564,590,FPUH £ukasz
565,240,PPUH Matyjaszek Sp. z o.o. Sp.k.
566,901,PPUH Mirocha-Moroñ i syn s.c.
567,315,¯ybura-£aszcz i syn s.c.
568,681,Radzio Sp.k.
569,244,Grupa Dara¿
570,363,Gabinety Nitkiewicz S.A.
571,528,Gaœ-Bia³czyk S.A.
572,415,Fundacja ¯yrek Sp.j.
573,758,FPUH Czura
574,225,Sadlak Sp. z o.o.
575,700,Sobolak Sp.j.
576,734,Krzyœko Sp.j.
577,299,Gabinety Olma Sp.j.
578,237,Borysewicz-Gleba Sp.k.
579,470,Prygiel Sp. z o.o. Sp.k.
580,325,Spó³dzielnia Kwasek
581,707,Kucewicz-So³oducha i syn s.c.
582,696,Bawo³-Kabza s.c.
583,404,PPUH Hnat-Sobolak s.c.
584,519,Kajak Sp.j.
585,823,FPUH Przybycieñ-Buszkiewicz Sp.k.
586,130,Gogó³-Kuncewicz Sp.j.
587,43,Fundacja Ragan
588,894,Panicz Sp. z o.o.
589,616,Gabinety Klaja Sp. z o.o. Sp.k.
590,297,Grupa Malisz
591,582,Naglik s.c.
592,395,Grupa Jakiel
593,846,PPUH Basista-Juroszek Sp.k.
594,571,Fundacja Pakosz
595,427,Grupa Loska-Waniek Sp.k.
596,684,PPUH Anders
597,649,Kubrak-Olearczyk Sp.j.
598,818,Spó³dzielnia Reimann-Mas³oñ Sp.j.
599,65,Pytlarz Sp. z o.o. Sp.k.
600,624,RaŸny Sp. z o.o.
601,21,Gabinety Czerniakiewicz Sp. z o.o.
602,109,Fundacja Kud³acik-Matusewicz Sp. z o.o.
603,83,Jagie³ka Sp.j.
604,609,Spó³dzielnia Maciocha
605,983,Gabinety Kidoñ s.c.
606,141,Stowarzyszenie Trochimiuk S.A.
607,543,Spó³dzielnia Obst
608,658,Buza-Henke S.A.
609,299,Gabinety Dreszer
610,330,Szram-Dynia Sp.k.
611,461,Maculewicz Sp.k.
612,117,Sacharczuk-Dub i syn s.c.
613,780,Grupa Szabla s.c.
614,234,Stempin-Kolka Sp. z o.o. Sp.k.
615,745,Fundacja Miœkowiec-Januszewicz Sp.j.
616,188,Gabinety Burza-Panasewicz Sp. z o.o.
617,781,PPUH Ga³at Sp.k.
618,702,Fundacja Czupryna
619,430,Kruzel Sp.k.
620,200,Gabinety Kluczyk-Lenik i syn s.c.
621,403,Kuœnierek-Policht Sp. z o.o.
622,50,Stowarzyszenie Wich³acz
623,417,Stowarzyszenie Moskalik
624,73,D¹bal Sp.j.
625,86,PPUH Œnieg
626,589,Roso³ek Sp. z o.o. Sp.k.
627,198,Baranowicz-Dybiec Sp. z o.o. Sp.k.
628,103,Olszyna Sp.k.
629,445,PPUH Siembab
630,371,F¹ferek i syn s.c.
631,500,Grupa Olbrych-¯ok i syn s.c.
632,607,Gabinety Jachna
633,263,Grupa Korbut-Bender s.c.
634,781,Grupa Wo¿niak-Czapiga i syn s.c.
635,977,Grupa Romankiewicz-Dzidek Sp. z o.o. Sp.k.
636,691,Grupa Galica-¯o³nierczyk Sp.j.
637,934,FPUH Perka-¯yme³ka Sp.k.
638,528,PPUH Radzio
639,755,Grupa Grymuza
640,862,ZbrzeŸniak s.c.
641,280,Bugno Sp. z o.o.
642,575,Dziadkowiec-Maæków S.A.
643,69,Tasarz-Burkiewicz Sp.j.
644,331,Leoniak-Paœnik S.A.
645,312,Podeszwa Sp.k.
646,474,Grupa Bereda
647,307,Fundacja Ellwart-Kuciak Sp. z o.o. Sp.k.
648,200,Stowarzyszenie Midura
649,460,Be³z-Sass Sp. z o.o.
650,360,Grupa Stawinoga Sp.j.
651,48,FPUH Obst-Ograbek Sp.j.
652,934,Gabinety Stebel Sp.j.
653,182,Gabinety Warzybok
654,476,Fundacja Twardzik
655,710,Okraska i syn s.c.
656,251,PPUH Plona
657,196,Myrcik-Gêgotek Sp. z o.o.
658,128,Pianka-Banek S.A.
659,656,Fundacja Pytlarz Sp.k.
660,590,Fundacja Rasa³a-Szymanik Sp. z o.o.
661,121,Fundacja Bia³czyk i syn s.c.
662,236,Spó³dzielnia Michniak Sp. z o.o. Sp.k.
663,365,Kuœnierek-Kryza Sp.j.
664,741,Szlufik Sp. z o.o. Sp.k.
665,964,Fundacja Domek Sp. z o.o.
666,60,FPUH Zinkiewicz-Balas S.A.
667,924,FPUH Kolarczyk-Kryk i syn s.c.
668,259,Fundacja Grodek
669,883,Gmurczyk Sp.k.
670,969,Fundacja Bieszke
671,937,Gabinety G³ownia
672,187,Rozmiarek-Pryszcz Sp.j.
673,670,Drozdowicz-Flisiak s.c.
674,852,FPUH Mizak
675,333,Fundacja Nickel-Borysiewicz Sp. z o.o.
676,240,Gabinety Kusyk Sp.k.
677,526,Usarek-Go³oœ Sp. z o.o.
678,558,Hein-¯uberek Sp.k.
679,193,Wasyluk Sp. z o.o.
680,680,Frania-Mikosz Sp. z o.o. Sp.k.
681,63,Fedyk-Kolbusz S.A.
682,396,Kononowicz Sp.k.
683,684,Stowarzyszenie Lelonek
684,687,Gabinety Latuszek
685,857,Fundacja Celuch
686,777,FPUH Fura
687,653,Grupa Dargacz
688,581,Leszkiewicz s.c.
689,270,PPUH Kozdrój
690,389,Janka-Kudra i syn s.c.
691,233,Szczypiór-Dudczak Sp. z o.o. Sp.k.
692,560,Stowarzyszenie Mszyca S.A.
693,940,Fundacja Pasiut Sp. z o.o.
694,986,Stowarzyszenie Chadaj-Kasica Sp. z o.o.
695,563,Kapera Sp. z o.o.
696,921,Grupa Wochna-Œcieszka Sp.j.
697,785,Sajnóg-Toma Sp.k.
698,433,PPUH Dorawa
699,21,Snoch-Fedak Sp.j.
700,427,£aœ-Cichos s.c.
701,560,FPUH Danieluk-Pezda i syn s.c.
702,519,PPUH Cudzich-Olszyna Sp.j.
703,359,PPUH Piwek
704,641,Fitrzyk Sp. z o.o.
705,244,Gabinety Gomo³a-Z³otnik Sp. z o.o. Sp.k.
706,785,Gabinety Jonczyk Sp. z o.o.
707,25,Jakóbik-Doroszuk Sp. z o.o. Sp.k.
708,90,Dusik-Galek Sp. z o.o.
709,163,Spó³dzielnia Ufniarz-Jagie³o s.c.
710,844,Kik s.c.
711,807,Spó³dzielnia Wujek
712,51,Fundacja Marcol-Szela Sp. z o.o.
713,72,Stowarzyszenie Omiotek
714,745,Spó³dzielnia Niemira Sp.j.
715,930,Wandzel Sp.k.
716,975,Wochna-Kulczak s.c.
717,930,Popielarczyk i syn s.c.
718,799,Spó³dzielnia Cich-Waluk i syn s.c.
719,603,Spó³dzielnia Florian
720,230,Kokosza-Czak Sp.k.
721,502,Dawiec Sp. z o.o.
722,186,Grupa Wa¿na S.A.
723,335,Gabinety Drobik-Oleksik S.A.
724,371,Grupa Kozar
725,850,Piotrkowicz Sp.k.
726,810,Paw-Haponiuk Sp.j.
727,510,Gabinety Mielcarz S.A.
728,986,PPUH Golonko-Kie³bik Sp.k.
729,671,Spó³dzielnia Laszuk-Kubrak i syn s.c.
730,989,PPUH Rzucid³o-Budkiewicz Sp.k.
731,453,Karpiak-Lamch Sp. z o.o. Sp.k.
732,750,KniaŸ Sp.j.
733,78,Roter Sp. z o.o.
734,749,Spó³dzielnia Szymula Sp.j.
735,794,Spó³dzielnia Miozga Sp.j.
736,302,Gabinety Duda³a
737,316,Gabinety Ko³aczyk Sp.j.
738,182,Stowarzyszenie Stanis³awek-Bienia Sp. z o.o.
739,2,Gabinety Wawrzyñczyk
740,176,Dziwak S.A.
741,592,Grupa Czerepak
742,521,Grupa Adamaszek Sp.j.
743,549,FPUH Bystroñ s.c.
744,529,Gabinety Kapuœcik
745,851,PPUH Wszo³a Sp.k.
746,397,FPUH Franków
747,3,Stowarzyszenie Chwedczuk-Czerkies Sp. z o.o. Sp.k.
748,825,Pinda Sp.k.
749,123,Spó³dzielnia Herda-Kaszkowiak Sp.k.
750,330,Fundacja Maszczyk Sp.k.
751,113,Kaja Sp. z o.o. Sp.k.
752,716,Grupa Sot-Uziêb³o Sp. z o.o. Sp.k.
753,471,Gordon-Poleszak Sp.j.
754,340,Szymanik s.c.
755,195,Grupa Maszota i syn s.c.
756,157,Indyka-Lorens Sp. z o.o.
757,743,Gabinety Mila
758,826,Kaliciak-Klama Sp.j.
759,231,Fundacja Cyganik
760,352,Pronobis-Dubel S.A.
761,275,Grupa Szyja
762,906,Grupa Szyjka-Rybus Sp.j.
763,437,Kastelik-Koj Sp. z o.o. Sp.k.
764,813,Spó³dzielnia Kapral
765,36,Grupa Pêdrak s.c.
766,997,PPUH Ho³ubowicz-Kozica Sp.k.
767,939,Grotek-Fogt Sp.k.
768,533,PPUH Drobny Sp.k.
769,540,Gabinety Ruman i syn s.c.
770,979,Gal Sp. z o.o.
771,166,Bogda³ S.A.
772,301,Fundacja Bia³ka-Nojman i syn s.c.
773,865,Fundacja Szylar S.A.
774,10,Perczak s.c.
775,737,Grupa Karmelita-Hojda i syn s.c.
776,597,Ko³aczyk-Jêdrusiak Sp. z o.o. Sp.k.
777,576,Spó³dzielnia Zinkiewicz
778,450,Fundacja Migoñ Sp.k.
779,290,FPUH Bubak Sp. z o.o. Sp.k.
780,798,PPUH Supernak i syn s.c.
781,417,PPUH Szajda
782,720,Strza³a Sp.k.
783,116,Malig³ówka-Betka Sp.k.
784,494,Toma Sp. z o.o.
785,965,Hetmañczyk-Gaudyn S.A.
786,66,Tla³ka-Pieszak Sp. z o.o. Sp.k.
787,792,Laskus s.c.
788,616,Karalus-Tec³aw S.A.
789,877,Wendt-£apot s.c.
790,925,Stawczyk Sp. z o.o.
791,887,Fundacja Pi³ka
792,983,Boruc Sp. z o.o.
793,41,Fundacja Samol
794,50,Gabinety Knapek
795,788,Stowarzyszenie Jeka
796,364,Droœ S.A.
797,965,Fundacja Siebert s.c.
798,721,FPUH Halama
799,621,Ragus Sp.k.
800,237,Grupa Nijak
801,663,FPUH Wawrzyk Sp.k.
802,510,Sibiga Sp.k.
803,330,Spó³dzielnia Wajer i syn s.c.
804,212,Spó³dzielnia Pindral
805,155,Larysz Sp. z o.o. Sp.k.
806,708,Fundacja Bystrek
807,856,Prucnal-Kuban S.A.
808,37,Lejk Sp. z o.o.
809,338,Armatys-Wojciech Sp.k.
810,591,Spó³dzielnia Wrzeœniak
811,483,Gabinety Wiertel
812,300,FPUH Trawka-Nó¿ka i syn s.c.
813,807,PPUH Chachaj-Welc s.c.
814,634,FPUH Kamyszek
815,419,Kubowicz Sp. z o.o.
816,906,Gabinety Moj Sp. z o.o.
817,794,Grupa Wieczerzak-Chwa³a Sp. z o.o.
818,344,FPUH Szyma³a Sp.j.
819,574,Fundacja Szlêk
820,386,Steciuk-Malcher Sp.k.
821,956,Dacko Sp.j.
822,426,PPUH Ma³ys-Dulemba Sp. z o.o. Sp.k.
823,223,Gabinety Jany s.c.
824,614,Rozmiarek-Tomaszuk i syn s.c.
825,996,Topa-Kolanek Sp.k.
826,339,Grupa Omiotek Sp.j.
827,964,Grupa Kornak Sp. z o.o. Sp.k.
828,155,Gabinety Perlik-Borysewicz Sp.k.
829,32,Mêtel Sp.k.
830,823,Pera-Rolek Sp.k.
831,548,Grupa D¹brówka i syn s.c.
832,603,Kurzaj-Jaszcz Sp. z o.o.
833,75,Grupa Mitera Sp.k.
834,689,Kaczmar i syn s.c.
835,25,Stowarzyszenie B³asik Sp. z o.o.
836,941,Fundacja Fura
837,277,Stowarzyszenie Tutka S.A.
838,540,Spó³dzielnia Odrzywo³ek-Franc s.c.
839,80,Drela s.c.
840,261,Wêgrzyk i syn s.c.
841,586,Maraszek-Glanc Sp.j.
842,63,Stowarzyszenie Grzejszczak s.c.
843,39,Tutka s.c.
844,839,Grupa Hinca-Garncarz S.A.
845,945,Górkiewicz-Synak Sp.j.
846,873,Wichary Sp. z o.o. Sp.k.
847,704,Bryzek-Rompa Sp.k.
848,219,Dietrich i syn s.c.
849,830,Madziar-Szpala i syn s.c.
850,655,Waleczek-Zygu³a Sp.j.
851,593,£akota Sp.k.
852,62,Bogda³-Rok S.A.
853,804,Kurbiel-Terka Sp. z o.o.
854,954,Grupa Bortkiewicz-Le¿oñ Sp.k.
855,645,Spó³dzielnia Piestrzeniewicz
856,475,Domurad Sp. z o.o. Sp.k.
857,386,Tyczka-Zaczyk Sp.j.
858,153,Fundacja Siewert-Pawlaczek Sp. z o.o. Sp.k.
859,687,Pietrewicz-Miara Sp.k.
860,551,Stowarzyszenie Cydzik i syn s.c.
861,41,Gabryelczyk-£apacz Sp. z o.o. Sp.k.
862,584,Spó³dzielnia Groth
863,658,Wicha Sp.j.
864,943,FPUH Cetera-Cio³czyk Sp.j.
865,25,Stowarzyszenie Janasik-Ciesielka i syn s.c.
866,988,Stojak Sp.k.
867,770,Grupa Pa³yga
868,507,Gabinety Stwora
869,793,Grupa Jagie³o-Szyma³a S.A.
870,115,PPUH Baster
871,888,Gabinety Sieczko
872,22,Gabinety Fraœ-M¹drzak S.A.
873,8,Spó³dzielnia Gorol
874,411,Gabinety Kus Sp. z o.o.
875,384,FPUH Gomo³a-Miêtus s.c.
876,305,PPUH Mieloch Sp.j.
877,144,Fundacja Getka Sp.k.
878,418,Sza³ata-Sip Sp.j.
879,188,Dara¿-Giersz s.c.
880,830,Cukier Sp.j.
881,933,Gabinety Teter-Wyroœlak S.A.
882,16,Spó³dzielnia Rozumek
883,166,Matula-Aleksa Sp.j.
884,167,PPUH Salwin-Korbut i syn s.c.
885,879,Duczek-Malarczyk Sp.k.
886,251,Fundacja Wojczuk-Krzywoñ Sp.j.
887,819,Grupa Cudzich-Dorawa s.c.
888,486,Spó³dzielnia Kenig
889,869,FPUH Góraj Sp. z o.o. Sp.k.
890,631,FPUH Kalota
891,607,Grupa Sajnóg-Koœciuszko Sp. z o.o.
892,298,Stowarzyszenie Piksa
893,39,Maruszczyk-Zarzeczna Sp.j.
894,310,Fundacja Chwalisz-Olbrych s.c.
895,285,Stowarzyszenie Fijak i syn s.c.
896,734,Gabinety Lampart
897,923,Cis Sp.k.
898,545,FPUH Matejczyk
899,310,PPUH Horbacz-Mostek Sp.j.
900,513,Fundacja Nalewajek
901,337,FPUH G³uszko
902,822,Wiak-Basista s.c.
903,95,Kalisiak s.c.
904,80,Fundacja Uryga
905,153,Dzia³ak-Musiolik Sp.j.
906,831,Stowarzyszenie Chowaniak Sp.k.
907,342,Stowarzyszenie Pyziak i syn s.c.
908,735,FPUH Uryga-S³abosz Sp. z o.o.
909,664,Sterna Sp. z o.o.
910,19,Boruñ Sp.j.
911,670,Fundacja Ku³ach
912,919,Stowarzyszenie Dobrosz i syn s.c.
913,258,Torbus s.c.
914,80,Spó³dzielnia Staniaszek-Mosur Sp.k.
915,949,Fechner-Kalista Sp.k.
916,61,Fundacja Wojniak
917,407,Stowarzyszenie Mainka Sp. z o.o. Sp.k.
918,224,Gabinety Pysz
919,861,Spó³dzielnia Wiaderek-£askawiec Sp. z o.o. Sp.k.
920,873,Bacia Sp. z o.o. Sp.k.
921,556,Grupa Sadowy i syn s.c.
922,359,Wac³awiak Sp.k.
923,842,Spó³dzielnia Ró¿ak-Tyczka i syn s.c.
924,321,Gabinety Wiewiórka
925,791,Stowarzyszenie Matejczuk
926,680,Stowarzyszenie Szumna
927,904,Gabinety Szpyra Sp. z o.o.
928,168,Fundacja Wojtach i syn s.c.
929,221,Ptok Sp.k.
930,6,Fundacja Kieszek Sp.k.
931,602,Gabinety Gajzler Sp. z o.o. Sp.k.
932,891,Kunc-Grund Sp.k.
933,984,Grupa D¹bal-Dêbosz s.c.
934,264,Pusz-Wid³ak s.c.
935,109,Fundacja Klekot Sp.k.
936,61,Spó³dzielnia Kubisz
937,649,PPUH Solich
938,963,Gabinety Szyda Sp.j.
939,717,FPUH Dzienniak
940,287,¯yrek Sp.j.
941,968,Spó³dzielnia Sajnóg Sp.k.
942,770,Smoter Sp.k.
943,930,Stowarzyszenie Ksiê¿yk
944,72,FPUH Rêbiœ S.A.
945,300,Stowarzyszenie Kalota-Piekart Sp. z o.o. Sp.k.
946,670,Spó³dzielnia Ochab-Ostasz Sp.j.
947,876,Stowarzyszenie Sêdek S.A.
948,657,Polasik-Stawczyk Sp.k.
949,614,Gabinety Bender
950,462,Ciak Sp. z o.o. Sp.k.
951,512,Spó³dzielnia Koterba-Pawe³ko Sp.k.
952,509,FPUH Koœciesza
953,861,Sulik-Matulewicz Sp.j.
954,466,Grupa Dryka-Sobkiewicz Sp.j.
955,572,Stowarzyszenie Rajch-Grzeszkowiak Sp. z o.o.
956,102,Spó³dzielnia Knysak-Kiljan s.c.
957,409,Mateñko-Drewniok i syn s.c.
958,93,Jamroz-Zapaœnik Sp.j.
959,435,Kozica s.c.
960,368,Buœ-Kukuczka Sp. z o.o. Sp.k.
961,356,Grunt s.c.
962,1,Franiak Sp. z o.o.
963,112,Sznura-Zbroja Sp.k.
964,68,Grupa Kubaczyk Sp. z o.o.
965,462,Stowarzyszenie Mydlarz s.c.
966,869,Stowarzyszenie Mejer Sp.j.
967,801,Gabinety Tyma Sp.k.
968,465,Mila S.A.
969,987,Kurc-Szmuc Sp. z o.o.
970,615,FPUH Pocz¹tek i syn s.c.
971,997,Wnuczek-Kazek Sp.j.
972,155,Tywoniuk i syn s.c.
973,284,DroŸdziel Sp.j.
974,445,Grupa Parda-Strzoda Sp. z o.o.
975,4,FPUH Suchta Sp. z o.o.
976,590,FPUH Lubera i syn s.c.
977,547,FPUH Woœko i syn s.c.
978,878,FPUH Miszkiel
979,581,FPUH Wójcikiewicz
980,204,Spó³dzielnia Kadela
981,479,Grupa Wendt S.A.
982,135,Kaziród Sp.j.
983,757,PPUH Krysta
984,156,Spó³dzielnia Pajdak
985,218,PPUH Burza-Wojtaszak Sp. z o.o.
986,695,Downar-Brodawka Sp.j.
987,942,Gabinety Drywa-Witkowicz s.c.
988,904,Powa³ka Sp. z o.o.
989,659,Karwan Sp.k.
990,896,FPUH Penar Sp. z o.o.
991,105,Stowarzyszenie Aleksa-Potêga S.A.
992,393,Stowarzyszenie Protasiuk-Przybyœ Sp.j.
993,555,PPUH Ha³at Sp. z o.o.
994,228,D³ubak-Tryba³a i syn s.c.
995,862,PPUH Kraszkiewicz
996,388,Wywia³-Strojna Sp. z o.o. Sp.k.
997,328,Fundacja B³a¿ejczak
998,492,Stowarzyszenie Kuza Sp. z o.o. Sp.k.
999,939,PPUH Dawidek Sp. z o.o. Sp.k.
