0,801,Kurier
1,802,Manager
2,803,Florysta
3,804,Kasjer
4,805,Manager
5,806,Florysta
6,807,Kasjer
7,808,Florysta
8,809,Manager
9,810,Florysta
10,811,Florysta
11,812,Manager
12,813,Kasjer
13,814,Manager
14,815,Kasjer
15,816,Kurier
16,817,Florysta
17,818,Kurier
18,819,Kasjer
19,820,Kurier
20,821,Kasjer
21,822,Kurier
22,823,Manager
23,824,Kasjer
24,825,Kasjer
25,826,Florysta
26,827,Manager
27,828,Kasjer
28,829,Manager
29,830,Florysta
30,831,Kasjer
31,832,Kasjer
32,833,Kasjer
33,834,Kasjer
34,835,Florysta
35,836,Florysta
36,837,Kurier
37,838,Florysta
38,839,Florysta
39,840,Kurier
40,841,Kasjer
41,842,Florysta
42,843,Kurier
43,844,Florysta
44,845,Manager
45,846,Florysta
46,847,Manager
47,848,Manager
48,849,Kurier
49,850,Kurier
50,851,Kurier
51,852,Kasjer
52,853,Kasjer
53,854,Manager
54,855,Kasjer
55,856,Manager
56,857,Manager
57,858,Manager
58,859,Kurier
59,860,Florysta
60,861,Kasjer
61,862,Kurier
62,863,Manager
63,864,Florysta
64,865,Kurier
65,866,Kasjer
66,867,Kasjer
67,868,Manager
68,869,Manager
69,870,Manager
70,871,Florysta
71,872,Kurier
72,873,Manager
73,874,Florysta
74,875,Kasjer
75,876,Manager
76,877,Kasjer
77,878,Kasjer
78,879,Manager
79,880,Kurier
80,881,Kasjer
81,882,Kurier
82,883,Kasjer
83,884,Kasjer
84,885,Kurier
85,886,Kurier
86,887,Kasjer
87,888,Kurier
88,889,Florysta
89,890,Florysta
90,891,Manager
91,892,Kasjer
92,893,Manager
93,894,Kurier
94,895,Kurier
95,896,Kasjer
96,897,Kasjer
97,898,Kurier
98,899,Kasjer
99,900,Kurier
