0,strategize intuitive content,35.29
1,strategize strategic networks,19.19
2,facilitate customized metrics,25.72
3,streamline rich web services,47.59
4,scale cross-media paradigms,12.23
5,exploit granular applications,33.11
6,implement seamless interfaces,48.22
7,redefine impactful markets,4.3
8,aggregate distributed models,36.26
9,scale robust eyeballs,7.53
10,transition revolutionary paradigms,43.94
11,generate back-end interfaces,23.74
12,deploy transparent functionalities,15.03
13,whiteboard dot-com portals,36.17
14,deploy front-end convergence,0.04
15,engineer robust experiences,39.25
16,synthesize dynamic vortals,32.09
17,aggregate enterprise experiences,43.91
18,unleash value-added communities,42.04
19,target visionary models,8.01
20,target intuitive solutions,1.28
21,incubate dynamic interfaces,0.21
22,mesh back-end deliverables,43.97
23,evolve global supply-chains,12.49
24,engineer dynamic architectures,16.91
25,orchestrate e-business methodologies,18.48
26,empower 24/7 platforms,5.0
27,streamline best-of-breed interfaces,20.58
28,empower open-source users,3.28
29,target cross-media solutions,43.34
30,leverage back-end info-mediaries,12.68
31,productize virtual action-items,9.77
32,redefine vertical convergence,43.22
33,seize interactive solutions,46.53
34,productize next-generation web-readiness,21.1
35,extend world-class methodologies,21.58
36,drive visionary solutions,46.89
37,empower out-of-the-box models,8.48
38,engineer distributed users,19.3
39,visualize real-time e-services,44.64
40,scale proactive vortals,23.56
41,aggregate rich applications,25.75
42,transform out-of-the-box technologies,34.92
43,facilitate out-of-the-box channels,29.03
44,incubate interactive interfaces,23.63
45,whiteboard dot-com users,46.19
46,leverage value-added ROI,35.71
47,synergize interactive applications,2.45
48,innovate bleeding-edge portals,7.65
49,target integrated content,6.96
50,utilize cross-media convergence,45.7
51,innovate front-end experiences,40.98
52,embrace revolutionary platforms,39.11
53,expedite best-of-breed convergence,41.07
54,deploy extensible models,35.8
55,transition visionary niches,24.12
56,integrate efficient schemas,23.63
57,disintermediate synergistic technologies,45.38
58,re-contextualize robust solutions,48.8
59,embrace strategic partnerships,7.81
60,deliver one-to-one solutions,18.24
61,extend sticky vortals,8.04
62,orchestrate sticky solutions,24.58
63,empower intuitive e-services,22.24
64,brand vertical bandwidth,20.62
65,evolve 24/365 functionalities,14.79
66,empower distributed e-tailers,47.59
67,maximize cutting-edge initiatives,26.97
68,embrace frictionless niches,45.66
69,streamline synergistic applications,4.53
70,matrix dot-com technologies,40.56
71,iterate seamless schemas,30.66
72,matrix strategic architectures,36.83
73,scale synergistic content,3.16
74,synergize e-business bandwidth,45.31
75,harness intuitive vortals,18.46
76,engage killer architectures,23.65
77,transform distributed communities,42.83
78,deliver bricks-and-clicks solutions,26.32
79,seize global interfaces,12.89
80,embrace transparent systems,48.62
81,re-intermediate revolutionary supply-chains,38.77
82,enable sticky relationships,9.92
83,iterate magnetic experiences,13.43
84,facilitate holistic action-items,26.6
85,streamline clicks-and-mortar interfaces,5.84
86,visualize cutting-edge metrics,14.89
87,grow open-source initiatives,37.82
88,matrix vertical e-markets,10.22
89,drive back-end web services,13.08
90,deliver customized info-mediaries,37.42
91,iterate integrated e-markets,2.32
92,incubate killer metrics,16.44
93,deliver synergistic vortals,41.38
94,scale end-to-end experiences,7.74
95,harness real-time interfaces,3.87
96,morph innovative communities,48.47
97,repurpose global methodologies,17.41
98,streamline customized content,31.42
99,extend compelling channels,34.71
100,optimize ubiquitous e-commerce,32.85
101,e-enable cross-platform portals,39.59
102,scale bricks-and-clicks vortals,8.4
103,exploit global web services,33.0
104,redefine best-of-breed vortals,18.39
105,benchmark web-enabled schemas,2.82
106,engage world-class channels,14.73
107,leverage ubiquitous web services,20.93
108,morph synergistic solutions,0.18
109,aggregate 24/7 paradigms,16.98
110,seize mission-critical deliverables,12.45
111,harness 24/365 ROI,1.25
112,transition granular e-commerce,28.1
113,grow next-generation technologies,19.51
114,utilize magnetic deliverables,6.02
115,enhance revolutionary infrastructures,42.41
116,engage user-centric eyeballs,11.61
117,matrix front-end info-mediaries,42.42
118,envisioneer vertical systems,22.79
119,unleash rich ROI,1.36
120,extend revolutionary relationships,13.71
121,monetize virtual solutions,8.78
122,extend dynamic models,10.94
123,deliver e-business interfaces,9.41
124,morph cutting-edge methodologies,9.38
125,iterate transparent ROI,29.1
126,envisioneer virtual web services,40.75
127,repurpose distributed experiences,13.88
128,enable mission-critical web services,46.59
129,facilitate rich initiatives,47.09
130,engineer plug-and-play e-commerce,35.3
131,repurpose value-added content,44.2
132,optimize back-end models,0.89
133,mesh B2C convergence,2.32
134,visualize granular eyeballs,28.36
135,iterate compelling action-items,7.08
136,enable sticky paradigms,25.3
137,incentivize frictionless solutions,43.55
138,synthesize seamless schemas,13.6
139,integrate dynamic e-commerce,31.18
140,synthesize customized portals,17.78
141,empower user-centric info-mediaries,49.46
142,reinvent vertical initiatives,30.21
143,leverage leading-edge channels,43.17
144,cultivate synergistic bandwidth,10.35
145,empower bricks-and-clicks mindshare,15.19
146,aggregate strategic e-commerce,14.55
147,transform 24/7 systems,12.47
148,extend sticky eyeballs,12.44
149,engage mission-critical markets,13.77
150,drive wireless niches,42.83
151,generate dot-com bandwidth,7.84
152,drive scalable e-tailers,9.03
153,brand innovative web-readiness,46.13
154,integrate B2B web-readiness,9.34
155,e-enable compelling communities,2.36
156,implement open-source methodologies,40.77
157,visualize strategic portals,29.38
158,grow integrated e-markets,37.44
159,engage cross-media users,23.24
160,monetize dot-com communities,21.82
161,transform front-end relationships,17.58
162,generate viral networks,23.1
163,incubate visionary paradigms,14.08
164,grow value-added web services,44.04
165,mesh enterprise systems,0.58
166,morph e-business e-markets,12.16
167,leverage efficient e-markets,34.99
168,extend turn-key schemas,33.2
169,facilitate holistic convergence,26.01
170,transform synergistic info-mediaries,12.38
171,integrate holistic e-commerce,14.78
172,deliver distributed e-markets,1.3
173,architect impactful mindshare,1.28
174,optimize end-to-end e-tailers,37.98
175,utilize proactive methodologies,45.63
176,evolve global deliverables,38.93
177,re-intermediate open-source bandwidth,7.74
178,leverage global niches,29.81
179,empower efficient e-business,4.19
180,aggregate next-generation ROI,45.29
181,transform sticky systems,43.74
182,facilitate extensible technologies,36.08
183,engineer plug-and-play systems,3.39
184,orchestrate strategic interfaces,20.97
185,optimize one-to-one systems,10.21
186,matrix cross-platform metrics,31.13
187,embrace open-source content,45.26
188,deliver transparent applications,12.8
189,repurpose one-to-one experiences,37.89
190,drive efficient vortals,29.16
191,mesh cutting-edge synergies,32.03
192,integrate next-generation applications,8.76
193,cultivate dynamic convergence,36.89
194,engineer magnetic web-readiness,25.36
195,target sticky synergies,11.93
196,synthesize impactful systems,2.65
197,leverage holistic metrics,3.87
198,architect integrated experiences,24.82
199,productize leading-edge web-readiness,45.52
200,drive seamless applications,6.01
201,scale global communities,45.84
202,syndicate revolutionary metrics,5.48
203,whiteboard strategic synergies,47.92
204,strategize magnetic relationships,41.74
205,utilize B2B initiatives,10.49
206,envisioneer front-end bandwidth,19.04
207,morph seamless interfaces,17.48
208,extend magnetic e-markets,40.48
209,brand end-to-end infrastructures,8.89
210,scale ubiquitous relationships,32.66
211,extend enterprise info-mediaries,26.92
212,evolve world-class initiatives,7.09
213,productize extensible technologies,6.61
214,re-contextualize B2B channels,39.46
215,embrace 24/7 functionalities,47.98
216,morph distributed info-mediaries,17.5
217,envisioneer clicks-and-mortar markets,43.09
218,engage efficient info-mediaries,21.55
219,evolve end-to-end platforms,22.73
220,brand robust eyeballs,1.47
221,transition turn-key synergies,34.13
222,innovate customized web-readiness,13.38
223,evolve open-source e-services,16.7
224,morph wireless metrics,44.77
225,seize 24/7 partnerships,49.85
226,empower leading-edge e-markets,40.76
227,target rich niches,1.8
228,facilitate global partnerships,8.85
229,extend turn-key deliverables,49.81
230,synthesize killer portals,43.68
231,integrate strategic web services,28.79
232,visualize ubiquitous web services,37.13
233,exploit back-end web services,19.21
234,expedite 24/365 deliverables,28.95
235,generate visionary initiatives,23.01
236,deploy turn-key paradigms,36.82
237,brand revolutionary platforms,26.47
238,empower proactive relationships,2.79
239,morph best-of-breed schemas,28.06
240,envisioneer enterprise relationships,28.11
241,drive cross-media solutions,44.76
242,benchmark ubiquitous portals,22.75
243,grow sticky experiences,10.17
244,re-intermediate efficient portals,13.65
245,iterate value-added convergence,44.38
246,morph customized solutions,27.75
247,productize proactive interfaces,17.38
248,evolve strategic web-readiness,0.47
249,generate efficient e-commerce,0.97
250,evolve virtual deliverables,13.06
251,monetize frictionless e-services,20.7
252,matrix impactful bandwidth,10.17
253,maximize plug-and-play platforms,48.64
254,facilitate world-class technologies,13.19
255,transform B2C supply-chains,1.06
256,expedite viral experiences,47.63
257,leverage front-end markets,32.74
258,evolve cutting-edge eyeballs,11.77
259,harness dot-com metrics,14.66
260,implement sticky eyeballs,42.96
261,leverage visionary applications,21.0
262,seize interactive networks,42.07
263,facilitate real-time bandwidth,29.38
264,repurpose integrated systems,23.27
265,productize wireless e-business,20.15
266,incentivize innovative partnerships,5.02
267,visualize B2B systems,32.02
268,drive strategic partnerships,2.01
269,cultivate scalable markets,33.75
270,morph revolutionary solutions,0.33
271,scale bricks-and-clicks infrastructures,45.56
272,envisioneer B2C networks,31.26
273,enable distributed applications,34.36
274,engage interactive users,47.9
275,reinvent end-to-end channels,30.98
276,integrate robust e-business,37.42
277,target global initiatives,19.56
278,grow mission-critical mindshare,8.86
279,facilitate cutting-edge e-services,0.08
280,engineer value-added action-items,27.91
281,evolve leading-edge deliverables,2.41
282,optimize plug-and-play applications,34.57
283,iterate best-of-breed deliverables,29.21
284,unleash clicks-and-mortar action-items,28.43
285,synthesize impactful networks,3.48
286,aggregate wireless niches,49.3
287,deploy next-generation networks,44.59
288,aggregate strategic deliverables,48.64
289,re-contextualize vertical solutions,11.38
290,facilitate front-end eyeballs,11.21
291,seize scalable paradigms,29.99
292,transform sticky interfaces,7.14
293,utilize robust users,36.98
294,maximize efficient architectures,29.0
295,cultivate clicks-and-mortar communities,24.81
296,repurpose proactive metrics,3.9
297,engage world-class eyeballs,1.92
298,extend integrated initiatives,13.96
299,visualize bleeding-edge architectures,37.57
300,syndicate extensible initiatives,20.17
301,synergize compelling mindshare,38.42
302,enhance strategic functionalities,18.59
303,engineer B2B relationships,30.47
304,enable open-source mindshare,22.96
305,repurpose visionary methodologies,13.56
306,exploit integrated architectures,1.66
307,orchestrate out-of-the-box communities,49.84
308,syndicate bleeding-edge metrics,4.52
309,iterate enterprise networks,8.01
310,revolutionize web-enabled communities,22.33
311,implement one-to-one content,26.37
312,leverage innovative relationships,18.3
313,drive innovative technologies,40.82
314,extend killer action-items,46.51
315,innovate dynamic functionalities,28.33
316,scale killer metrics,30.62
317,mesh one-to-one functionalities,47.65
318,empower 24/365 relationships,9.72
319,productize B2B architectures,11.86
320,extend collaborative web services,46.09
321,transition collaborative schemas,30.02
322,re-intermediate 24/7 e-business,11.08
323,exploit bricks-and-clicks models,7.78
324,revolutionize B2C info-mediaries,44.34
325,transform virtual technologies,25.53
326,redefine holistic applications,20.03
327,innovate viral partnerships,12.62
328,envisioneer rich niches,28.91
329,morph e-business deliverables,2.4
330,generate mission-critical e-tailers,28.11
331,evolve frictionless methodologies,48.3
332,architect synergistic action-items,7.54
333,revolutionize magnetic portals,39.76
334,utilize end-to-end solutions,42.24
335,enhance out-of-the-box initiatives,26.97
336,mesh value-added info-mediaries,43.18
337,reinvent user-centric applications,2.99
338,transform cutting-edge models,46.15
339,maximize turn-key models,13.13
340,incubate scalable models,33.81
341,orchestrate granular synergies,16.01
342,grow open-source e-business,14.77
343,transition extensible partnerships,32.18
344,engineer leading-edge bandwidth,17.79
345,iterate real-time paradigms,19.21
346,strategize scalable e-markets,38.26
347,synthesize scalable methodologies,33.71
348,empower out-of-the-box methodologies,31.24
349,morph holistic supply-chains,33.93
350,empower turn-key applications,49.68
351,leverage intuitive systems,1.2
352,benchmark extensible architectures,9.61
353,target holistic interfaces,25.34
354,engineer virtual platforms,32.94
355,productize scalable systems,39.18
356,aggregate leading-edge supply-chains,32.03
357,maximize visionary interfaces,4.56
358,optimize user-centric supply-chains,30.87
359,incentivize mission-critical metrics,24.4
360,exploit granular action-items,36.53
361,morph dynamic technologies,31.24
362,re-contextualize strategic info-mediaries,43.53
363,unleash front-end ROI,3.01
364,synergize ubiquitous e-business,25.57
365,monetize cutting-edge methodologies,39.82
366,visualize viral synergies,49.51
367,empower value-added relationships,43.47
368,facilitate compelling bandwidth,32.31
369,productize wireless web-readiness,34.97
370,implement distributed e-commerce,40.61
371,incubate viral relationships,8.47
372,brand distributed vortals,5.71
373,cultivate next-generation networks,48.51
374,visualize best-of-breed systems,38.34
375,matrix impactful content,49.54
376,whiteboard rich systems,1.66
377,optimize dynamic convergence,22.66
378,syndicate killer niches,44.04
379,brand impactful applications,43.04
380,brand vertical bandwidth,20.03
381,innovate vertical deliverables,34.08
382,maximize customized systems,35.44
383,leverage value-added e-services,32.46
384,strategize end-to-end communities,36.74
385,synthesize vertical web services,3.91
386,implement scalable infrastructures,17.24
387,revolutionize back-end systems,44.17
388,re-intermediate front-end functionalities,37.64
389,visualize cross-media users,43.83
390,productize turn-key web services,23.37
391,streamline dot-com synergies,32.61
392,architect dynamic convergence,0.48
393,empower revolutionary models,42.59
394,re-contextualize plug-and-play bandwidth,32.01
395,expedite efficient e-markets,35.26
396,cultivate strategic communities,2.81
397,e-enable web-enabled architectures,45.21
398,revolutionize extensible architectures,36.8
399,brand 24/7 communities,29.16
400,extend extensible technologies,47.03
401,enable transparent architectures,20.22
402,revolutionize virtual metrics,5.53
403,utilize viral ROI,28.09
404,deploy rich portals,5.31
405,transition best-of-breed ROI,29.78
406,unleash compelling networks,41.81
407,enhance mission-critical mindshare,13.01
408,optimize end-to-end metrics,32.77
409,syndicate best-of-breed e-services,39.81
410,mesh interactive relationships,45.85
411,monetize viral convergence,15.26
412,engineer ubiquitous platforms,4.12
413,syndicate cross-platform niches,3.29
414,reinvent interactive markets,12.38
415,benchmark user-centric mindshare,10.08
416,strategize rich e-commerce,33.24
417,embrace compelling technologies,21.76
418,enhance user-centric interfaces,44.82
419,productize scalable web services,49.66
420,redefine compelling interfaces,47.19
421,generate granular models,3.07
422,optimize user-centric vortals,29.78
423,benchmark world-class e-tailers,45.71
424,scale distributed communities,25.12
425,incubate cross-platform content,25.9
426,facilitate B2B paradigms,4.36
427,generate leading-edge models,28.67
428,drive web-enabled experiences,15.4
429,unleash cross-platform niches,38.85
430,expedite user-centric initiatives,1.56
431,grow e-business eyeballs,12.12
432,benchmark strategic niches,36.2
433,harness cross-media content,7.14
434,productize strategic schemas,27.07
435,iterate extensible e-services,49.4
436,morph vertical e-services,16.7
437,expedite rich systems,22.56
438,harness cross-platform networks,26.45
439,drive sticky bandwidth,19.4
440,deploy back-end portals,23.32
441,syndicate seamless e-tailers,45.93
442,cultivate integrated methodologies,23.97
443,incubate wireless e-markets,29.99
444,scale clicks-and-mortar supply-chains,17.47
445,engineer end-to-end networks,29.92
446,evolve out-of-the-box paradigms,39.99
447,seize global systems,47.2
448,deliver holistic channels,25.39
449,extend integrated e-commerce,6.71
450,synergize dot-com applications,27.39
451,grow revolutionary architectures,46.88
452,innovate granular relationships,45.55
453,envisioneer impactful relationships,19.83
454,visualize killer niches,48.54
455,whiteboard efficient technologies,36.64
456,strategize ubiquitous experiences,22.33
457,architect 24/7 models,11.9
458,enhance synergistic networks,34.21
459,aggregate revolutionary technologies,46.2
460,embrace mission-critical e-markets,23.84
461,visualize proactive methodologies,4.03
462,optimize rich action-items,32.66
463,scale wireless e-business,36.98
464,enable real-time ROI,31.23
465,disintermediate vertical schemas,46.68
466,morph dynamic info-mediaries,28.52
467,scale mission-critical systems,44.22
468,harness leading-edge relationships,27.59
469,evolve real-time systems,24.85
470,productize mission-critical synergies,13.22
471,morph web-enabled portals,49.73
472,embrace impactful web-readiness,49.55
473,evolve ubiquitous vortals,38.1
474,brand open-source e-tailers,42.57
475,deliver front-end eyeballs,1.46
476,target cross-platform systems,20.33
477,matrix next-generation initiatives,48.48
478,optimize front-end initiatives,11.26
479,transition global e-markets,39.87
480,deliver vertical paradigms,10.5
481,engineer intuitive web services,4.38
482,incubate rich content,47.35
483,facilitate revolutionary experiences,3.53
484,revolutionize holistic e-markets,3.24
485,embrace wireless communities,20.19
486,cultivate bleeding-edge deliverables,29.47
487,embrace global action-items,26.47
488,monetize next-generation ROI,15.41
489,cultivate wireless e-commerce,1.23
490,re-contextualize viral eyeballs,0.08
491,target collaborative e-commerce,40.81
492,facilitate virtual relationships,48.18
493,drive user-centric e-commerce,7.27
494,incubate granular convergence,36.91
495,unleash holistic metrics,0.46
496,scale frictionless infrastructures,33.46
497,whiteboard magnetic vortals,21.27
498,exploit synergistic e-markets,22.37
499,whiteboard viral initiatives,24.3
500,envisioneer holistic content,42.69
501,monetize global info-mediaries,0.01
502,enable proactive portals,43.24
503,productize scalable methodologies,15.28
504,whiteboard cross-media relationships,46.5
505,benchmark customized synergies,5.93
506,expedite proactive technologies,9.64
507,strategize sticky metrics,36.1
508,brand B2C deliverables,27.44
509,drive B2C supply-chains,35.31
510,synthesize integrated supply-chains,13.11
511,scale next-generation infrastructures,42.44
512,mesh clicks-and-mortar eyeballs,21.01
513,grow user-centric partnerships,30.26
514,extend world-class relationships,26.81
515,e-enable out-of-the-box ROI,28.96
516,brand virtual partnerships,10.65
517,scale web-enabled interfaces,46.7
518,benchmark bricks-and-clicks e-tailers,11.4
519,facilitate world-class info-mediaries,22.4
520,enable end-to-end networks,12.13
521,cultivate seamless portals,42.49
522,repurpose enterprise e-services,10.65
523,scale integrated convergence,23.11
524,extend revolutionary e-markets,42.1
525,strategize integrated networks,23.25
526,brand out-of-the-box e-services,23.93
527,iterate synergistic markets,36.68
528,matrix revolutionary ROI,32.49
529,orchestrate cross-media channels,41.2
530,syndicate clicks-and-mortar vortals,31.07
531,incentivize interactive models,37.14
532,re-intermediate wireless bandwidth,4.74
533,generate open-source eyeballs,48.92
534,synthesize visionary mindshare,30.24
535,productize seamless ROI,38.04
536,syndicate frictionless bandwidth,38.9
537,target open-source paradigms,42.33
538,implement viral networks,28.28
539,empower world-class web-readiness,33.92
540,deliver global paradigms,19.83
541,envisioneer seamless partnerships,6.39
542,integrate cross-media e-services,4.46
543,drive turn-key portals,39.05
544,iterate transparent bandwidth,37.29
545,optimize rich web-readiness,19.59
546,iterate one-to-one supply-chains,13.19
547,streamline interactive e-services,12.14
548,engage killer bandwidth,18.21
549,streamline ubiquitous e-tailers,11.77
550,e-enable value-added synergies,31.0
551,transform efficient synergies,30.6
552,grow turn-key e-business,30.39
553,redefine cross-media networks,42.46
554,syndicate plug-and-play experiences,49.18
555,unleash holistic methodologies,33.26
556,architect integrated models,22.6
557,incentivize holistic vortals,11.47
558,deliver best-of-breed relationships,30.7
559,productize mission-critical methodologies,14.59
560,grow e-business e-markets,0.06
561,mesh best-of-breed metrics,3.3
562,synthesize customized e-tailers,32.6
563,seize clicks-and-mortar e-markets,32.43
564,disintermediate clicks-and-mortar content,16.23
565,transform best-of-breed deliverables,15.16
566,redefine virtual partnerships,43.62
567,expedite interactive e-tailers,36.7
568,re-intermediate integrated architectures,24.27
569,maximize cross-media metrics,44.3
570,synergize extensible channels,22.02
571,disintermediate turn-key e-services,2.07
572,enhance global partnerships,41.92
573,e-enable leading-edge metrics,25.49
574,revolutionize enterprise niches,39.34
575,evolve collaborative markets,38.5
576,re-contextualize dynamic e-services,22.2
577,enhance robust e-commerce,3.61
578,re-intermediate bricks-and-clicks info-mediaries,39.07
579,transition robust convergence,21.05
580,enable intuitive infrastructures,8.42
581,harness front-end action-items,29.63
582,matrix innovative functionalities,11.07
583,whiteboard efficient e-tailers,26.74
584,transform clicks-and-mortar infrastructures,29.21
585,incentivize magnetic eyeballs,28.87
586,aggregate B2C networks,3.48
587,visualize B2C platforms,23.4
588,disintermediate impactful partnerships,24.9
589,iterate interactive web services,1.33
590,morph 24/365 synergies,14.52
591,innovate bricks-and-clicks e-markets,3.75
592,revolutionize 24/365 partnerships,35.64
593,exploit frictionless channels,22.55
594,brand best-of-breed deliverables,1.68
595,e-enable real-time methodologies,34.72
596,innovate open-source mindshare,1.25
597,unleash viral markets,32.8
598,disintermediate frictionless users,34.94
599,extend killer systems,4.83
600,generate cross-platform platforms,22.27
601,embrace innovative methodologies,0.72
602,productize integrated functionalities,22.33
603,aggregate strategic methodologies,1.65
604,engage wireless systems,26.86
605,syndicate turn-key niches,3.45
606,utilize intuitive technologies,47.54
607,seize cross-platform content,24.17
608,syndicate B2B e-business,23.33
609,redefine proactive paradigms,40.18
610,monetize 24/365 paradigms,31.6
611,monetize open-source methodologies,21.58
612,architect proactive schemas,35.95
613,engage vertical models,14.17
614,syndicate proactive e-business,18.85
615,productize robust e-commerce,26.37
616,incentivize global action-items,28.81
617,implement user-centric niches,42.34
618,re-contextualize distributed applications,31.1
619,synthesize killer relationships,31.26
620,synergize virtual mindshare,0.17
621,benchmark revolutionary synergies,44.94
622,visualize rich relationships,46.43
623,facilitate compelling technologies,20.18
624,facilitate synergistic platforms,2.75
625,empower one-to-one technologies,41.08
626,implement distributed vortals,6.78
627,implement intuitive models,31.04
628,target magnetic initiatives,23.45
629,iterate scalable communities,45.61
630,enhance enterprise markets,37.03
631,architect magnetic synergies,47.28
632,utilize wireless experiences,28.77
633,integrate killer platforms,43.6
634,utilize out-of-the-box infrastructures,29.47
635,deliver wireless mindshare,32.21
636,unleash compelling ROI,6.19
637,enhance enterprise technologies,48.52
638,strategize cross-media e-services,43.16
639,syndicate B2B models,17.38
640,streamline B2C mindshare,35.83
641,streamline interactive partnerships,34.33
642,brand revolutionary initiatives,35.39
643,scale one-to-one systems,0.98
644,synergize scalable architectures,25.55
645,re-contextualize revolutionary deliverables,0.94
646,whiteboard real-time deliverables,3.5
647,morph end-to-end technologies,27.84
648,unleash back-end schemas,10.49
649,re-intermediate magnetic infrastructures,48.83
650,transition impactful metrics,8.46
651,mesh innovative systems,18.93
652,grow extensible functionalities,2.08
653,incubate turn-key experiences,15.72
654,drive frictionless e-commerce,17.68
655,maximize frictionless architectures,17.38
656,streamline world-class networks,46.02
657,implement extensible ROI,9.72
658,seize scalable methodologies,48.7
659,brand killer models,46.51
660,evolve distributed e-commerce,46.16
661,enable innovative solutions,39.46
662,evolve transparent supply-chains,48.35
663,unleash real-time bandwidth,44.69
664,architect value-added vortals,33.54
665,deploy open-source methodologies,45.46
666,mesh seamless methodologies,18.14
667,evolve seamless metrics,26.05
668,deploy compelling action-items,44.36
669,drive global content,15.29
670,syndicate customized web services,7.1
671,unleash sticky infrastructures,30.18
672,scale plug-and-play info-mediaries,9.43
673,benchmark efficient channels,6.44
674,incubate efficient e-services,6.28
675,unleash magnetic platforms,9.6
676,whiteboard synergistic web-readiness,33.87
677,syndicate ubiquitous synergies,2.64
678,expedite granular supply-chains,45.04
679,innovate leading-edge bandwidth,28.34
680,engage leading-edge interfaces,28.01
681,incentivize integrated experiences,17.5
682,envisioneer mission-critical e-tailers,41.79
683,mesh dot-com e-business,27.81
684,e-enable magnetic platforms,42.67
685,optimize bleeding-edge functionalities,18.5
686,morph dynamic relationships,11.11
687,matrix cross-platform e-business,5.36
688,aggregate proactive ROI,28.44
689,target frictionless applications,34.3
690,expedite intuitive e-tailers,49.9
691,maximize bricks-and-clicks architectures,26.83
692,engage B2B content,16.07
693,re-intermediate impactful e-markets,46.07
694,embrace transparent schemas,7.11
695,e-enable front-end web-readiness,37.2
696,incentivize seamless ROI,10.72
697,expedite web-enabled solutions,34.41
698,engineer bricks-and-clicks channels,45.57
699,unleash proactive paradigms,39.31
700,incentivize global action-items,11.97
701,implement dynamic methodologies,7.62
702,redefine extensible metrics,47.09
703,exploit holistic schemas,13.0
704,target web-enabled niches,28.25
705,implement cross-platform ROI,33.73
706,syndicate plug-and-play ROI,33.73
707,utilize scalable infrastructures,14.12
708,monetize front-end applications,33.79
709,syndicate extensible communities,23.71
710,transform robust e-markets,36.92
711,strategize distributed technologies,30.97
712,cultivate open-source channels,44.75
713,engineer virtual vortals,12.69
714,generate customized niches,33.37
715,strategize extensible e-markets,2.82
716,innovate B2B portals,13.23
717,disintermediate interactive convergence,43.13
718,leverage open-source web-readiness,45.96
719,deliver plug-and-play action-items,5.5
720,enhance 24/365 action-items,19.46
721,transition B2B systems,34.36
722,utilize compelling e-tailers,20.72
723,iterate robust e-business,15.57
724,expedite user-centric content,36.31
725,orchestrate next-generation platforms,29.49
726,grow scalable e-markets,21.06
727,streamline leading-edge ROI,29.01
728,expedite B2B channels,0.19
729,implement best-of-breed convergence,39.05
730,utilize bleeding-edge web-readiness,39.9
731,re-contextualize integrated content,48.68
732,integrate user-centric methodologies,3.07
733,matrix cutting-edge methodologies,43.28
734,enable rich ROI,3.35
735,orchestrate wireless e-commerce,16.59
736,reinvent wireless info-mediaries,13.74
737,synergize clicks-and-mortar models,6.53
738,engineer bleeding-edge e-markets,34.4
739,engage real-time systems,21.17
740,deploy strategic supply-chains,19.94
741,target synergistic synergies,42.79
742,cultivate bricks-and-clicks e-business,31.14
743,strategize customized e-commerce,2.34
744,incubate virtual users,29.74
745,implement global convergence,13.42
746,deploy scalable e-commerce,29.73
747,re-contextualize mission-critical e-tailers,37.69
748,embrace cross-media systems,32.84
749,incubate scalable initiatives,41.31
750,matrix sticky action-items,48.68
751,extend end-to-end technologies,33.8
752,leverage magnetic e-business,11.95
753,utilize distributed supply-chains,25.39
754,deploy visionary convergence,19.64
755,re-contextualize bleeding-edge mindshare,34.44
756,redefine B2C metrics,13.77
757,revolutionize strategic functionalities,19.73
758,enhance collaborative platforms,7.16
759,aggregate sticky experiences,3.13
760,utilize granular portals,33.44
761,grow transparent e-markets,46.34
762,brand cutting-edge ROI,29.7
763,grow out-of-the-box relationships,4.59
764,matrix innovative info-mediaries,38.76
765,repurpose cross-platform technologies,19.64
766,empower revolutionary systems,1.81
767,iterate open-source communities,49.02
768,drive web-enabled platforms,7.82
769,exploit robust systems,11.97
770,strategize customized e-commerce,22.67
771,generate wireless action-items,24.55
772,redefine integrated e-commerce,1.44
773,engage user-centric convergence,4.73
774,exploit intuitive experiences,4.01
775,re-contextualize seamless channels,11.53
776,generate ubiquitous functionalities,12.63
777,revolutionize dynamic channels,21.08
778,leverage revolutionary communities,25.85
779,whiteboard dynamic solutions,2.29
780,monetize synergistic content,7.12
781,benchmark visionary interfaces,19.06
782,utilize enterprise mindshare,24.55
783,scale user-centric supply-chains,5.85
784,embrace vertical users,29.11
785,disintermediate back-end niches,47.4
786,target next-generation synergies,14.36
787,utilize frictionless schemas,26.24
788,aggregate 24/365 platforms,8.53
789,synthesize clicks-and-mortar e-markets,44.16
790,aggregate customized markets,47.66
791,iterate open-source niches,14.86
792,enable revolutionary methodologies,30.74
793,embrace ubiquitous systems,3.09
794,envisioneer clicks-and-mortar content,33.72
795,exploit granular convergence,15.07
796,envisioneer synergistic deliverables,17.86
797,productize efficient deliverables,16.05
798,scale bleeding-edge users,10.25
799,incubate seamless info-mediaries,36.2
800,reinvent cross-media models,47.24
801,re-intermediate turn-key mindshare,13.2
802,engineer impactful info-mediaries,46.28
803,enhance cross-platform web services,22.5
804,reinvent collaborative bandwidth,39.13
805,monetize 24/7 web services,25.66
806,repurpose e-business metrics,18.53
807,revolutionize real-time interfaces,34.91
808,architect innovative portals,45.17
809,iterate intuitive web-readiness,36.43
810,expedite e-business e-markets,9.89
811,leverage end-to-end networks,5.63
812,exploit integrated experiences,11.74
813,harness B2C mindshare,47.04
814,synthesize open-source technologies,22.03
815,optimize cross-media info-mediaries,13.6
816,scale holistic info-mediaries,37.08
817,iterate end-to-end applications,13.36
818,whiteboard web-enabled mindshare,9.94
819,unleash dot-com web services,4.69
820,strategize best-of-breed communities,16.18
821,facilitate efficient bandwidth,14.73
822,harness clicks-and-mortar solutions,18.89
823,engineer turn-key channels,33.1
824,evolve turn-key initiatives,23.1
825,aggregate integrated solutions,22.67
826,expedite real-time action-items,24.8
827,incubate e-business users,18.42
828,cultivate virtual portals,29.03
829,deliver world-class functionalities,3.22
830,redefine transparent models,12.01
831,e-enable back-end web-readiness,7.2
832,unleash robust solutions,13.71
833,transition transparent portals,35.62
834,incentivize open-source markets,47.65
835,engineer next-generation action-items,42.13
836,re-contextualize next-generation mindshare,48.49
837,enable synergistic content,5.14
838,aggregate end-to-end infrastructures,28.82
839,orchestrate visionary portals,19.31
840,synthesize revolutionary partnerships,44.93
841,evolve back-end deliverables,16.13
842,e-enable e-business communities,29.97
843,productize plug-and-play e-business,5.68
844,incentivize turn-key systems,20.46
845,cultivate interactive mindshare,9.9
846,scale cross-media action-items,43.92
847,harness out-of-the-box methodologies,35.36
848,monetize back-end mindshare,7.63
849,reinvent cross-media users,3.94
850,repurpose magnetic vortals,5.82
851,innovate ubiquitous metrics,34.96
852,engineer 24/7 markets,31.59
853,empower proactive technologies,37.6
854,maximize dynamic models,42.27
855,embrace clicks-and-mortar platforms,18.28
856,leverage granular experiences,32.16
857,cultivate world-class channels,5.32
858,cultivate cross-platform e-markets,31.05
859,transform plug-and-play experiences,5.31
860,transform clicks-and-mortar e-commerce,46.36
861,re-contextualize interactive functionalities,3.57
862,engage world-class schemas,8.74
863,synergize transparent e-business,9.01
864,re-intermediate interactive technologies,5.27
865,leverage vertical web-readiness,25.34
866,innovate leading-edge relationships,25.78
867,envisioneer turn-key experiences,28.92
868,mesh frictionless action-items,15.54
869,enable customized solutions,43.77
870,transition cross-platform technologies,15.8
871,leverage collaborative bandwidth,38.38
872,matrix cross-platform experiences,17.25
873,iterate e-business e-markets,38.36
874,integrate collaborative architectures,20.46
875,exploit e-business solutions,21.2
876,synthesize efficient niches,38.89
877,redefine dot-com markets,41.05
878,enable granular channels,35.45
879,grow intuitive networks,47.3
880,streamline open-source e-business,28.18
881,exploit distributed deliverables,6.41
882,generate vertical interfaces,7.28
883,engineer user-centric systems,23.79
884,redefine innovative relationships,0.12
885,target world-class eyeballs,9.0
886,innovate 24/7 synergies,28.53
887,generate back-end paradigms,16.01
888,facilitate e-business content,1.9
889,transform ubiquitous partnerships,26.7
890,transform next-generation e-services,13.44
891,drive bricks-and-clicks mindshare,27.58
892,transition innovative content,27.14
893,strategize one-to-one content,42.82
894,grow value-added supply-chains,24.7
895,e-enable proactive relationships,46.41
896,redefine revolutionary methodologies,23.82
897,strategize web-enabled applications,22.76
898,harness integrated architectures,20.79
899,facilitate out-of-the-box e-business,29.0
900,monetize robust niches,38.75
901,unleash holistic users,0.31
902,transform cross-platform functionalities,29.3
903,cultivate 24/7 e-tailers,7.25
904,target intuitive portals,42.03
905,maximize next-generation functionalities,39.99
906,matrix best-of-breed metrics,15.42
907,engage efficient partnerships,27.18
908,aggregate open-source users,5.95
909,incubate intuitive interfaces,11.81
910,architect integrated ROI,42.59
911,leverage innovative initiatives,40.89
912,orchestrate plug-and-play e-commerce,37.62
913,incubate 24/365 markets,4.09
914,engage transparent info-mediaries,26.63
915,visualize scalable partnerships,34.81
916,re-contextualize strategic bandwidth,15.93
917,utilize efficient portals,47.86
918,evolve interactive architectures,34.76
919,scale seamless e-commerce,29.5
920,seize value-added e-tailers,42.78
921,benchmark user-centric experiences,30.39
922,innovate best-of-breed supply-chains,15.5
923,morph virtual portals,30.23
924,utilize compelling users,11.48
925,empower extensible portals,21.54
926,redefine visionary functionalities,49.47
927,target cutting-edge web-readiness,3.91
928,drive 24/7 action-items,48.87
929,synthesize sticky communities,2.21
930,e-enable bleeding-edge relationships,48.85
931,streamline value-added initiatives,3.16
932,maximize innovative experiences,2.79
933,aggregate mission-critical infrastructures,26.74
934,repurpose end-to-end info-mediaries,11.75
935,leverage killer e-tailers,5.25
936,leverage synergistic e-commerce,47.28
937,incubate bleeding-edge markets,30.99
938,enhance cross-media paradigms,35.18
939,innovate next-generation ROI,28.74
940,e-enable viral bandwidth,20.0
941,facilitate one-to-one e-services,45.79
942,grow integrated applications,2.58
943,enhance customized methodologies,17.8
944,maximize cutting-edge ROI,14.29
945,enhance bricks-and-clicks niches,27.7
946,scale scalable technologies,15.45
947,transition back-end convergence,34.53
948,engage dynamic users,10.34
949,productize viral eyeballs,26.29
950,synthesize out-of-the-box initiatives,8.25
951,aggregate plug-and-play e-commerce,13.11
952,transition one-to-one partnerships,13.96
953,e-enable vertical metrics,24.02
954,embrace 24/365 web services,12.82
955,integrate magnetic niches,44.86
956,iterate rich models,35.78
957,mesh out-of-the-box web-readiness,14.68
958,seize sticky applications,21.65
959,exploit vertical architectures,39.49
960,orchestrate B2B interfaces,10.11
961,cultivate user-centric architectures,32.46
962,engineer vertical initiatives,23.92
963,innovate vertical e-tailers,10.92
964,e-enable robust experiences,28.89
965,deploy distributed web-readiness,25.89
966,architect global deliverables,7.73
967,visualize customized methodologies,31.36
968,productize extensible niches,10.06
969,enhance dynamic solutions,20.18
970,leverage B2B metrics,11.53
971,expedite efficient e-business,33.53
972,revolutionize enterprise functionalities,38.58
973,revolutionize killer convergence,40.46
974,synergize end-to-end niches,37.14
975,enhance open-source users,37.22
976,implement cross-platform web-readiness,0.89
977,incentivize bleeding-edge methodologies,37.35
978,architect one-to-one e-markets,8.96
979,implement best-of-breed partnerships,29.25
980,facilitate virtual channels,23.39
981,repurpose sticky systems,34.85
982,e-enable impactful mindshare,2.32
983,monetize customized content,20.65
984,implement granular portals,25.84
985,deliver dot-com portals,35.85
986,cultivate vertical functionalities,43.74
987,brand real-time networks,28.45
988,cultivate granular experiences,23.0
989,implement bricks-and-clicks convergence,42.2
990,evolve dot-com models,36.76
991,brand open-source infrastructures,49.26
992,seize B2C metrics,11.19
993,redefine real-time bandwidth,36.78
994,engineer synergistic info-mediaries,46.06
995,re-contextualize turn-key communities,9.11
996,re-intermediate sticky web-readiness,49.63
997,expedite transparent web services,27.49
998,brand B2C mindshare,24.45
999,extend end-to-end interfaces,47.78
